id,title,authors,venue,year,citationCount,referenceCount,influentialCitationCount,doi,url
371104191ffa5c2404d64cc0af34ffadbdc898e3,Unsupervised one-to-many image translation,Samuel Lavoie-Marchildon; Sébastien Lachapelle; Mikolaj Binkowski; Aaron C. Courville; Yoshua Bengio; R. Devon Hjelm,,2018,3,0,0,,https://www.semanticscholar.org/paper/371104191ffa5c2404d64cc0af34ffadbdc898e3
37afcfee9e9a59a2e14753f43283860d956d2d20,Iteratively unveiling new regions of interest in Deep Learning models,Florian Bordes; T. Berthier; L. Jorio; P. Vincent; Yoshua Bengio,,2018,8,10,0,,https://www.semanticscholar.org/paper/37afcfee9e9a59a2e14753f43283860d956d2d20
37b0077905846345ac73c8f939cada5858af1205,Learning to rank for censored survival data,M. Luck; Tristan Sylvain; Joseph Paul Cohen; H. Cardinal; Andrea Lodi; Yoshua Bengio,arXiv.org,2018,6,20,0,,https://www.semanticscholar.org/paper/37b0077905846345ac73c8f939cada5858af1205
3ecb44ddd1c02551257d802d8bbd94eb0fcac38f,Convergence Properties of Deep Neural Networks on Separable Data,Rémi Tachet des Combes; M. Pezeshki; S. Shabanian; Aaron C. Courville; Yoshua Bengio,,2018,1,33,0,,https://www.semanticscholar.org/paper/3ecb44ddd1c02551257d802d8bbd94eb0fcac38f
3f13a5148f7caa51ea946193d261d4f8ed32d81a,Machine Learning for Combinatorial Optimization: a Methodological Tour d'Horizon,Yoshua Bengio; Andrea Lodi; Antoine Prouvost,European Journal of Operational Research,2018,1915,75,79,10.1016/j.ejor.2020.07.063,https://www.semanticscholar.org/paper/3f13a5148f7caa51ea946193d261d4f8ed32d81a
427bb02b094954b87a316bc4520ea09943b68538,Extending the Framework of Equilibrium Propagation to General Dynamics,B. Scellier; Anirudh Goyal; Jonathan Binas; Thomas Mesnard; Yoshua Bengio,International Conference on Learning Representations,2018,15,0,0,,https://www.semanticscholar.org/paper/427bb02b094954b87a316bc4520ea09943b68538
45fdc73a239e9c6ea65e98c96f6a2d6dc35d6f72,Quaternion Convolutional Neural Networks for End-to-End Automatic Speech Recognition,Titouan Parcollet; Y. Zhang; Mohamed Morchid; Chiheb Trabelsi; Georges Linarès; R. Mori; Yoshua Bengio,Interspeech,2018,117,38,14,10.21437/Interspeech.2018-1898,https://www.semanticscholar.org/paper/45fdc73a239e9c6ea65e98c96f6a2d6dc35d6f72
461afff92a4b51c6b64a05dde407270029fd19ec,Predicting Tactical Solutions to Operational Planning Problems under Imperfect Information,Eric Larsen; Sébastien Lachapelle; Yoshua Bengio; E. Frejinger; Simon Lacoste-Julien; Andrea Lodi,INFORMS journal on computing,2018,53,49,3,10.1287/ijoc.2021.1091,https://www.semanticscholar.org/paper/461afff92a4b51c6b64a05dde407270029fd19ec
4a684d8ff381be9334195e850d09b2a027447230,Dendritic cortical microcircuits approximate the backpropagation algorithm,J. Sacramento; R. P. Costa; Yoshua Bengio; W. Senn,Neural Information Processing Systems,2018,387,61,26,,https://www.semanticscholar.org/paper/4a684d8ff381be9334195e850d09b2a027447230
4bd5880fdca804f12e7f9c1dd9c30c237800c564,Learning of Sophisticated Curriculums by viewing them as Graphs over Tasks,Lucas Willems; Yoshua Bengio,,2018,0,0,0,,https://www.semanticscholar.org/paper/4bd5880fdca804f12e7f9c1dd9c30c237800c564
551f71c7213cd6797e9ec222f5e8db237c7d27fe,BigBrain: 1D convolutional neural networks for automated sementation of cortical layers,K. Wagstyl; C. Lepage; K. Zilles; S. Bludau; G. Cucurul; Alan C. Evans; P. Fletcher; Adriana Romero; Joseph Paul Cohen; S. Larocque; T. Funck; K. Amunts; Yoshua Bengio,,2018,0,0,0,,https://www.semanticscholar.org/paper/551f71c7213cd6797e9ec222f5e8db237c7d27fe
56e5f19fd9c5970b66758b4bfddb641298f37d26,Reinforced Imitation Learning from Observations,Konrad Zolna; Negar Rostamzadeh; Yoshua Bengio; Sungjin Ahn; Pedro H. O. Pinheiro,,2018,3,0,0,,https://www.semanticscholar.org/paper/56e5f19fd9c5970b66758b4bfddb641298f37d26
5ad6970ff332a20e45a7e71ec1dd85c44292cf5f,Learning Hierarchical Structures On-The-Fly with a Recurrent-Recursive Model for Sequences,Athul Paul Jacob; Zhouhan Lin; Alessandro Sordoni; Yoshua Bengio,Rep4NLP@ACL,2018,13,22,1,10.18653/v1/W18-3020,https://www.semanticscholar.org/paper/5ad6970ff332a20e45a7e71ec1dd85c44292cf5f
5c55162deeea9870f765e0a9cd3e8387b05a0ea2,Disentangling the independently controllable factors of variation by interacting with the world,Valentin Thomas; Emmanuel Bengio; W. Fedus; Jules Pondard; Philippe Beaudoin; H. Larochelle; Joelle Pineau; Doina Precup; Yoshua Bengio,arXiv.org,2018,70,22,0,,https://www.semanticscholar.org/paper/5c55162deeea9870f765e0a9cd3e8387b05a0ea2
5f9e2f6d4a844189b2e34da8fd0ba282f3f36c6f,On the Relation Between the Sharpest Directions of DNN Loss and the SGD Step Length,Stanislaw Jastrzebski; Zachary Kenton; Nicolas Ballas; Asja Fischer; Yoshua Bengio; A. Storkey,International Conference on Learning Representations,2018,151,33,23,,https://www.semanticscholar.org/paper/5f9e2f6d4a844189b2e34da8fd0ba282f3f36c6f
604b4fe04deadb44a6688a354386555b15707bf1,Learning powerful policies and better dynamics models by encouraging consistency,Shagun Sodhani; Anirudh Goyal; T. Deleu; Yoshua Bengio; Jian Tang,,2018,0,0,0,,https://www.semanticscholar.org/paper/604b4fe04deadb44a6688a354386555b15707bf1
61d7ca903206136209943fe351752dc61389ea11,Manifold Mixup: Learning Better Representations by Interpolating Hidden States,Vikas Verma; Alex Lamb; Christopher Beckham; Amir Najafi; Aaron C. Courville; Ioannis Mitliagkas; Yoshua Bengio,,2018,39,28,3,,https://www.semanticscholar.org/paper/61d7ca903206136209943fe351752dc61389ea11
62ec0f020ed13c08b6596cde0acbd6580bd18f1b,How can deep learning advance computational modeling of sensory information processing?,J. Thompson; Yoshua Bengio; E. Formisano; M. Schönwiesner,arXiv.org,2018,16,39,1,,https://www.semanticscholar.org/paper/62ec0f020ed13c08b6596cde0acbd6580bd18f1b
63f79cc7423d3032f2be2a380f2f47e429948902,A Dataset of Topic-Oriented Human-to-Chatbot Dialogues,V. Logacheva; M. Burtsev; Valentin Malykh; V. Poluliakh; Alexander I. Rudnicky; Iulian Serban; Ryan Lowe; Shrimai Prabhumoye; A. Black; Yoshua Bengio,,2018,7,3,2,,https://www.semanticscholar.org/paper/63f79cc7423d3032f2be2a380f2f47e429948902
69df37a4d67a5e3d1c36a7c1f9ae5ef5bd7efe39,The Bottleneck Simulator: A Model-based Deep Reinforcement Learning Approach,Iulian Serban; Chinnadhurai Sankar; Michael Pieper; Joelle Pineau; Yoshua Bengio,Journal of Artificial Intelligence Research,2018,30,118,1,10.1613/jair.1.12463,https://www.semanticscholar.org/paper/69df37a4d67a5e3d1c36a7c1f9ae5ef5bd7efe39
6b73775f40467aed52784ff355b9bb7168e9078c,Mutual Information Neural Estimation,Mohamed Ishmael Belghazi; A. Baratin; S. Rajeswar; Sherjil Ozair; Yoshua Bengio; R. Devon Hjelm; Aaron C. Courville,International Conference on Machine Learning,2018,1728,61,270,,https://www.semanticscholar.org/paper/6b73775f40467aed52784ff355b9bb7168e9078c
6cd5da2c989a7beb12e424345a5f8a49316e9a76,EnGAN: Latent Space MCMC and Maximum Entropy Generators for Energy-based Models,Rithesh Kumar; Anirudh Goyal; Aaron C. Courville; Yoshua Bengio,,2018,1,0,0,,https://www.semanticscholar.org/paper/6cd5da2c989a7beb12e424345a5f8a49316e9a76
6f965b0f446b8b3ceabad2de46aedbaaeb2a1692,Image-to-image translation for cross-domain disentanglement,Abel Gonzalez-Garcia; Joost van de Weijer; Yoshua Bengio,Neural Information Processing Systems,2018,263,54,13,,https://www.semanticscholar.org/paper/6f965b0f446b8b3ceabad2de46aedbaaeb2a1692
71178576121f5ffbbc0516ea6921cd05f730d47f,Dynamic Frame Skipping for Fast Speech Recognition in Recurrent Neural Network Based Acoustic Models,Inchul Song; Junyoung Chung; Taesup Kim; Yoshua Bengio,"IEEE International Conference on Acoustics, Speech, and Signal Processing",2018,12,20,1,10.1109/ICASSP.2018.8462615,https://www.semanticscholar.org/paper/71178576121f5ffbbc0516ea6921cd05f730d47f
715a73290f260cf2196307e59fe0b6776841f170,On the Spectral Bias of Neural Networks,Nasim Rahaman; A. Baratin; Devansh Arpit; Felix Dräxler; Min Lin; F. Hamprecht; Yoshua Bengio; Aaron C. Courville,International Conference on Machine Learning,2018,2635,52,91,,https://www.semanticscholar.org/paper/715a73290f260cf2196307e59fe0b6776841f170
75dafecd481f134d4f8b9afb4923b35184d3c971,MetaGAN: An Adversarial Approach to Few-Shot Learning,Ruixiang Zhang; Tong Che; Zoubin Ghahramani; Yoshua Bengio; Yangqiu Song,Neural Information Processing Systems,2018,457,23,23,,https://www.semanticscholar.org/paper/75dafecd481f134d4f8b9afb4923b35184d3c971
75f3e365dc34b16ed235bcb8f1de0361ae7dd0c3,The First Conversational Intelligence Challenge,M. Burtsev; V. Logacheva; Valentin Malykh; Iulian Serban; Ryan Lowe; Shrimai Prabhumoye; A. Black; Alexander I. Rudnicky; Yoshua Bengio,,2018,15,14,1,10.1007/978-3-319-94042-7_2,https://www.semanticscholar.org/paper/75f3e365dc34b16ed235bcb8f1de0361ae7dd0c3
76a2bdf024f0e06d5de81810198886de09fd70d5,Information Fusion in Deep Convolutional Neural Networks for Biomedical Image Segmentation 1,Mohammad Havaei; N. Guizard; Nicolas Chapados; Yoshua Bengio,Signal Processing and Machine Learning for Biomedical Big Data,2018,0,2,0,10.1201/9781351061223-15,https://www.semanticscholar.org/paper/76a2bdf024f0e06d5de81810198886de09fd70d5
78ac8ee86f7e69b91450bffe2bc651a53276b058,A Walk with SGD,Chen Xing; Devansh Arpit; Christos Tsirigotis; Yoshua Bengio,arXiv.org,2018,149,52,10,,https://www.semanticscholar.org/paper/78ac8ee86f7e69b91450bffe2bc651a53276b058
80379210f59298fb65f1c49014338143b04d735f,Learning Anonymized Representations with Adversarial Neural Networks,Clément Feutry; P. Piantanida; Yoshua Bengio; P. Duhamel,arXiv.org,2018,61,27,4,,https://www.semanticscholar.org/paper/80379210f59298fb65f1c49014338143b04d735f
80642bb7fda993e6d6c391048c5e239960190821,»Deep Learning ist keine Religion«,Andreas Sudmann; Yoshua Bengio,Machine-mediated learning,2018,0,0,0,10.14361/9783839435304-017,https://www.semanticscholar.org/paper/80642bb7fda993e6d6c391048c5e239960190821
822395760906f4940df68aa33925b6bf9123bac2,Introduction to NIPS 2017 Competition Track,Sergio Escalera; Markus Weimer; M. Burtsev; Valentin Malykh; V. Logacheva; Ryan Lowe; Iulian Serban; Yoshua Bengio; Alexander I. Rudnicky; A. Black; Shrimai Prabhumoye; Łukasz Kidziński; S. Mohanty; Carmichael F. Ong; J. Hicks; S. Levine; M. Salathé; S. Delp; Iker Huerga; A. Grigorenko; Leifur Thorbergsson; Anasuya Das; Kyla Nemitz; Jenna Sandker; Stephen King; Alexander S. Ecker; Leon A. Gatys; M. Bethge; J. Boyd-Graber; Shi Feng; Pedro Rodriguez; Mohit Iyyer; He He; Hal Daumé; Sean McGregor; A. Banifatemi; Alexey Kurakin; I. Goodfellow; Samy Bengio,,2018,2,4,0,10.1007/978-3-319-94042-7_1,https://www.semanticscholar.org/paper/822395760906f4940df68aa33925b6bf9123bac2
849c91ff8bb3ff67d278adb5295fee78049c6288,Bayesian Model-Agnostic Meta-Learning,Taesup Kim; Jaesik Yoon; Ousmane Amadou Dia; Sungwoong Kim; Yoshua Bengio; Sungjin Ahn,Neural Information Processing Systems,2018,552,38,57,,https://www.semanticscholar.org/paper/849c91ff8bb3ff67d278adb5295fee78049c6288
8a0be373940a833360cfdfaa325aee46e0c9ec97,Interpretable Convolutional Filters with SincNet,M. Ravanelli; Yoshua Bengio,arXiv.org,2018,121,74,16,,https://www.semanticscholar.org/paper/8a0be373940a833360cfdfaa325aee46e0c9ec97
8b3288421ee4fa7f9ff45ddc6adbf04698c4b8ba,On the Iterative Refinement of Densely Connected Representation Levels for Semantic Segmentation,Arantxa Casanova; Guillem Cucurull; M. Drozdzal; Adriana Romero; Yoshua Bengio,2018 IEEE/CVF Conference on Computer Vision and Pattern Recognition Workshops (CVPRW),2018,26,49,0,10.1109/CVPRW.2018.00144,https://www.semanticscholar.org/paper/8b3288421ee4fa7f9ff45ddc6adbf04698c4b8ba
8b51eeaf40ea46c97704708cea29b47180eb0126,Depth with Nonlinearity Creates No Bad Local Minima in ResNets,Kenji Kawaguchi; Yoshua Bengio,Neural Networks,2018,68,38,3,10.1016/j.neunet.2019.06.009,https://www.semanticscholar.org/paper/8b51eeaf40ea46c97704708cea29b47180eb0126
8d9b48c0c50e06ccfef722ea6ac88c5000615534,Focused Hierarchical RNNs for Conditional Sequence Processing,Nan Rosemary Ke; Konrad Zolna; Alessandro Sordoni; Zhouhan Lin; Adam Trischler; Yoshua Bengio; Joelle Pineau; Laurent Charlin; C. Pal,International Conference on Machine Learning,2018,25,42,0,,https://www.semanticscholar.org/paper/8d9b48c0c50e06ccfef722ea6ac88c5000615534
90ed1457f036e54d45107ab472ab10d812f469c2,Generalization of Equilibrium Propagation to Vector Field Dynamics,B. Scellier; Anirudh Goyal; Jonathan Binas; Thomas Mesnard; Yoshua Bengio,arXiv.org,2018,41,34,6,,https://www.semanticscholar.org/paper/90ed1457f036e54d45107ab472ab10d812f469c2
916a119cf9365fd5d5d7d8befdc95e1e69e895de,h-detach: Modifying the LSTM Gradient Towards Better Optimization,Devansh Arpit; Bhargav Kanuparthi; Giancarlo Kerg; Nan Rosemary Ke; Ioannis Mitliagkas; Yoshua Bengio,International Conference on Learning Representations,2018,38,40,3,,https://www.semanticscholar.org/paper/916a119cf9365fd5d5d7d8befdc95e1e69e895de
92ed1b3a074bcbacf7000975ac8a684f9061b257,Boundary Seeking GANs,R. Devon Hjelm; Athul Paul Jacob; Adam Trischler; G. Che; Kyunghyun Cho; Yoshua Bengio,International Conference on Learning Representations,2018,16,0,5,,https://www.semanticscholar.org/paper/92ed1b3a074bcbacf7000975ac8a684f9061b257
949a8fddb70b4283fa6a195f4656892ffffc7846,On Training Recurrent Neural Networks for Lifelong Learning,Shagun Sodhani; A. Chandar; Yoshua Bengio,arXiv.org,2018,19,36,1,,https://www.semanticscholar.org/paper/949a8fddb70b4283fa6a195f4656892ffffc7846
967a21a111757d6af7f7a25ca7ea2bdf6d505098,Deep Graph Infomax,Petar Velickovic; W. Fedus; William L. Hamilton; Pietro Liò; Yoshua Bengio; R. Devon Hjelm,International Conference on Learning Representations,2018,3128,51,571,,https://www.semanticscholar.org/paper/967a21a111757d6af7f7a25ca7ea2bdf6d505098
98621b083ac15a0d7b2744703ed541f6fc5cb4ac,Finding Flatter Minima with SGD,Stanislaw Jastrzebski; Zachary Kenton; Devansh Arpit; Nicolas Ballas; Asja Fischer; Yoshua Bengio; A. Storkey,International Conference on Learning Representations,2018,37,0,5,,https://www.semanticscholar.org/paper/98621b083ac15a0d7b2744703ed541f6fc5cb4ac
9a6f71df13bafc7d246bcad2e414c258ed6cfe67,Combining Model-based and Model-free RL via Multi-step Control Variates,Tong Che; Yuchen Lu; G. Tucker; Surya Bhupatiraju; S. Gu; S. Levine; Yoshua Bengio,,2018,8,0,0,,https://www.semanticscholar.org/paper/9a6f71df13bafc7d246bcad2e414c258ed6cfe67
a03ddc7b1d5afd911320b74f8df9638fb8e142aa,MaD TwinNet: Masker-Denoiser Architecture with Twin Networks for Monaural Sound Source Separation,K. Drossos; S. I. Mimilakis; Dmitriy Serdyuk; G. Schuller; T. Virtanen; Yoshua Bengio,IEEE International Joint Conference on Neural Network,2018,26,35,3,10.1109/IJCNN.2018.8489565,https://www.semanticscholar.org/paper/a03ddc7b1d5afd911320b74f8df9638fb8e142aa
a2b5d224895d96bfe2e384e2dcf1ebd136ac3782,An Empirical Study of Example Forgetting during Deep Neural Network Learning,Mariya Toneva; Alessandro Sordoni; Rémi Tachet des Combes; Adam Trischler; Yoshua Bengio; Geoffrey J. Gordon,International Conference on Learning Representations,2018,1047,40,155,,https://www.semanticscholar.org/paper/a2b5d224895d96bfe2e384e2dcf1ebd136ac3782
a5b94d6be7cd206d88218ba3a3ea4f3c3e8522de,Learning Speaker Representations with Mutual Information,M. Ravanelli; Yoshua Bengio,Interspeech,2018,96,46,4,10.21437/interspeech.2019-2380,https://www.semanticscholar.org/paper/a5b94d6be7cd206d88218ba3a3ea4f3c3e8522de
a64033606fd3bb98a29d965da6978807a09c74f8,Deep convolutional networks for quality assessment of protein folds,Georgy Derevyanko; Sergei Grudinin; Yoshua Bengio; G. Lamoureux,Bioinform.,2018,119,60,10,10.1093/bioinformatics/bty494,https://www.semanticscholar.org/paper/a64033606fd3bb98a29d965da6978807a09c74f8
ac9f807fe506abf1e7d61a6fe40cf26dc89b6490,SGD Smooths The Sharpest Directions,Stanislaw K. Jastrzebski; Zachary Kenton; Nicolas Ballas; Asja Fischer; A. Storkey; Yoshua Bengio,,2018,2,0,1,,https://www.semanticscholar.org/paper/ac9f807fe506abf1e7d61a6fe40cf26dc89b6490
ae916205cdae8210b147d7637f74186e57d15973,Towards End-to-end Spoken Language Understanding,Dmitriy Serdyuk; Yongqiang Wang; Christian Fuegen; Anuj Kumar; Baiyang Liu; Yoshua Bengio,"IEEE International Conference on Acoustics, Speech, and Signal Processing",2018,247,30,16,10.1109/ICASSP.2018.8461785,https://www.semanticscholar.org/paper/ae916205cdae8210b147d7637f74186e57d15973
af3825437b627db1a99f946f7aa773ba8b03befd,Learning deep representations by mutual information estimation and maximization,R. Devon Hjelm; A. Fedorov; Samuel Lavoie-Marchildon; Karan Grewal; Adam Trischler; Yoshua Bengio,International Conference on Learning Representations,2018,3058,80,297,,https://www.semanticscholar.org/paper/af3825437b627db1a99f946f7aa773ba8b03befd
afc2850945a871e72c245818f9bc141bd659b453,Learning General Purpose Distributed Sentence Representations via Large Scale Multi-task Learning,Sandeep Subramanian; Adam Trischler; Yoshua Bengio; C. Pal,International Conference on Learning Representations,2018,340,58,30,,https://www.semanticscholar.org/paper/afc2850945a871e72c245818f9bc141bd659b453
b29362fc22bf17848dab2f0dcb0b2ca02bab1724,BabyAI: First Steps Towards Grounded Language Learning With a Human In the Loop,Maxime Chevalier-Boisvert; Dzmitry Bahdanau; S. Lahlou; Lucas Willems; Chitwan Saharia; Thien Huu Nguyen; Yoshua Bengio,arXiv.org,2018,192,39,40,,https://www.semanticscholar.org/paper/b29362fc22bf17848dab2f0dcb0b2ca02bab1724
b8ffac930ecec144eaeb99ebdafb2ed96cf910f2,SGD S MOOTHS THE S HARPEST D IRECTIONS,Stanisław Jastrzębski; Zachary Kenton; Nicolas Ballas; Asja Fischer; Yoshua Bengio; A. Storkey,,2018,0,15,0,,https://www.semanticscholar.org/paper/b8ffac930ecec144eaeb99ebdafb2ed96cf910f2
bb3678abc8dbe8f91d44d80a467a80454ba9150b,Speech and Speaker Recognition from Raw Waveform with SincNet,M. Ravanelli; Yoshua Bengio,arXiv.org,2018,30,38,6,,https://www.semanticscholar.org/paper/bb3678abc8dbe8f91d44d80a467a80454ba9150b
c23188a10579191a0ca343fa49ef410d65506937,Towards Understanding Generalization via Analytical Learning Theory,Kenji Kawaguchi; Yoshua Bengio,,2018,10,48,2,,https://www.semanticscholar.org/paper/c23188a10579191a0ca343fa49ef410d65506937
c4e02b75e525c4e8c4616d2e9dfeb4a638142c51,Modeling the Long Term Future in Model-Based Reinforcement Learning,Nan Rosemary Ke; Amanpreet Singh; Ahmed Touati; Anirudh Goyal; Yoshua Bengio; Devi Parikh; Dhruv Batra,International Conference on Learning Representations,2018,39,0,1,,https://www.semanticscholar.org/paper/c4e02b75e525c4e8c4616d2e9dfeb4a638142c51
c6b040f3f8215f32e362ca7a483c48070585b029,Probabilistic Planning with Sequential Monte Carlo methods,Alexandre Piché; Valentin Thomas; Cyril Ibrahim; Yoshua Bengio; C. Pal,International Conference on Learning Representations,2018,57,25,11,,https://www.semanticscholar.org/paper/c6b040f3f8215f32e362ca7a483c48070585b029
cb475fe9ad25e78414ffbf2c7598b5f1f8979c6e,Modularity Matters: Learning Invariant Relational Reasoning Tasks,Jason Jo; Vikas Verma; Yoshua Bengio,arXiv.org,2018,8,45,0,,https://www.semanticscholar.org/paper/cb475fe9ad25e78414ffbf2c7598b5f1f8979c6e
cd34714b819ca75bba63fea36aff54d66f458d1b,Manifold Mixup: Encouraging Meaningful On-Manifold Interpolation as a Regularizer,Vikas Verma; Alex Lamb; Christopher Beckham; Aaron C. Courville; Ioannis Mitliagkas; Yoshua Bengio,arXiv.org,2018,67,27,11,,https://www.semanticscholar.org/paper/cd34714b819ca75bba63fea36aff54d66f458d1b
cdea7d036d2c4abbf54130a80946391e43849800,On the Spectral Bias of Deep Neural Networks,Nasim Rahaman; Devansh Arpit; A. Baratin; Felix Dräxler; Min Lin; F. Hamprecht; Yoshua Bengio; Aaron C. Courville,arXiv.org,2018,82,33,11,,https://www.semanticscholar.org/paper/cdea7d036d2c4abbf54130a80946391e43849800
d0ea98fe6b784ebde3ba82f60eb8ddc6d92cbcfd,A3T: Adversarially Augmented Adversarial Training,Akram Erraqabi; A. Baratin; Yoshua Bengio; Simon Lacoste-Julien,arXiv.org,2018,9,16,4,,https://www.semanticscholar.org/paper/d0ea98fe6b784ebde3ba82f60eb8ddc6d92cbcfd
d1bedd988ec6cb0528d25bc3e108ac5b86b66e6a,A Data-Efficient Framework for Training and Sim-to-Real Transfer of Navigation Policies,Homanga Bharadhwaj; Wang; Yoshua Bengio; L. Paull,IEEE International Conference on Robotics and Automation,2018,43,45,0,10.1109/ICRA.2019.8794310,https://www.semanticscholar.org/paper/d1bedd988ec6cb0528d25bc3e108ac5b86b66e6a
d6dd369c4893de5b0a674f45dba6d41429aa0660,Combined Reinforcement Learning via Abstract Representations,Vincent François-Lavet; Yoshua Bengio; Doina Precup; Joelle Pineau,AAAI Conference on Artificial Intelligence,2018,99,33,15,10.1609/aaai.v33i01.33013582,https://www.semanticscholar.org/paper/d6dd369c4893de5b0a674f45dba6d41429aa0660
d756dcf77965a8b2f02caf4693e412271512e686,The effects of negative adaptation in Model-Agnostic Meta-Learning,T. Deleu; Yoshua Bengio,arXiv.org,2018,23,19,1,,https://www.semanticscholar.org/paper/d756dcf77965a8b2f02caf4693e412271512e686
d8be72b910173aa7b20cdde403f15bed3e12cc33,The Pytorch-kaldi Speech Recognition Toolkit,M. Ravanelli; Titouan Parcollet; Yoshua Bengio,"IEEE International Conference on Acoustics, Speech, and Signal Processing",2018,243,44,23,10.1109/ICASSP.2019.8683713,https://www.semanticscholar.org/paper/d8be72b910173aa7b20cdde403f15bed3e12cc33
da15f5eb7c7cb10304aeff132ecd9ee81dd07a15,Quantized Guided Pruning for Efficient Hardware Implementations of Convolutional Neural Networks,G. B. Hacene; Vincent Gripon; M. Arzel; Nicolas Farrugia; Yoshua Bengio,arXiv.org,2018,14,23,0,,https://www.semanticscholar.org/paper/da15f5eb7c7cb10304aeff132ecd9ee81dd07a15
dbbf08a4acabefdf78aa880a7a0d87866c948e66,A Deep Reinforcement Learning Chatbot (Short Version),Iulian Serban; Chinnadhurai Sankar; M. Germain; Saizheng Zhang; Zhouhan Lin; Sandeep Subramanian; Taesup Kim; Michael Pieper; A. Chandar; Nan Rosemary Ke; S. Rajeswar; A. D. Brébisson; Jose M. R. Sotelo; Dendi Suhubdy; Vincent Michalski; Alexandre Nguyen; Joelle Pineau; Yoshua Bengio,arXiv.org,2018,15,17,3,,https://www.semanticscholar.org/paper/dbbf08a4acabefdf78aa880a7a0d87866c948e66
e43e5c8c82b679298457cb84f134f93f74283aff,Convolutional neural networks for mesh-based parcellation of the cerebral cortex,Guillem Cucurull; K. Wagstyl; Arantxa Casanova; Petar Velickovic; Estrid Jakobsen; M. Drozdzal; Adriana Romero; Alan C. Evans; Yoshua Bengio,,2018,46,41,3,,https://www.semanticscholar.org/paper/e43e5c8c82b679298457cb84f134f93f74283aff
ec252c3e65d4e0e5bd871a7ee78338ec5e91eca3,Universal Successor Representations for Transfer Reinforcement Learning,Chen Ma; Junfeng Wen; Yoshua Bengio,International Conference on Learning Representations,2018,34,10,4,,https://www.semanticscholar.org/paper/ec252c3e65d4e0e5bd871a7ee78338ec5e91eca3
ed613810f67829eb02dff6442aba8e091568fa5f,Predicting Solution Summaries to Integer Linear Programs under Imperfect Information with Machine Learning,Eric Larsen; Sébastien Lachapelle; Yoshua Bengio; E. Frejinger; Simon Lacoste-Julien; Andrea Lodi,arXiv.org,2018,26,42,0,,https://www.semanticscholar.org/paper/ed613810f67829eb02dff6442aba8e091568fa5f
ee4df5b7d4b2af78dc593a34e3d8f4835e782370,Feature-wise transformations,Vincent Dumoulin; Ethan Perez; Nathan Schucher; Florian Strub; H. D. Vries; Aaron C. Courville; Yoshua Bengio,Distill,2018,233,59,12,10.23915/DISTILL.00011,https://www.semanticscholar.org/paper/ee4df5b7d4b2af78dc593a34e3d8f4835e782370
f02c20b2ba0f12b0e85482f392201835b1a8fbdc,Twin Regularization for online speech recognition,M. Ravanelli; Dmitriy Serdyuk; Yoshua Bengio,Interspeech,2018,16,46,0,10.21437/Interspeech.2018-1407,https://www.semanticscholar.org/paper/f02c20b2ba0f12b0e85482f392201835b1a8fbdc
f4f906e9c02921734203a61915e22b3b0cb09216,DEFactor: Differentiable Edge Factorization-based Probabilistic Graph Generation,Rim Assouel; Mohamed Ahmed; Marwin H. S. Segler; Amir Saffari; Yoshua Bengio,arXiv.org,2018,61,30,3,,https://www.semanticscholar.org/paper/f4f906e9c02921734203a61915e22b3b0cb09216
f59ab072408a1bd6d7cb073ca667ad5292a02e51,Low-memory convolutional neural networks through incremental depth-first processing,Jonathan Binas; Yoshua Bengio,arXiv.org,2018,4,25,0,,https://www.semanticscholar.org/paper/f59ab072408a1bd6d7cb073ca667ad5292a02e51
fa0beb3f4d7f6e7e49b153af7e8a7c30f2937b60,Sparse Attentive Backtracking: Temporal CreditAssignment Through Reminding,Nan Rosemary Ke; Anirudh Goyal; O. Bilaniuk; Jonathan Binas; M. Mozer; C. Pal; Yoshua Bengio,Neural Information Processing Systems,2018,94,44,5,,https://www.semanticscholar.org/paper/fa0beb3f4d7f6e7e49b153af7e8a7c30f2937b60
fc57c2901cf2349f1aa2136b46cc12a4885ddaad,Representation Mixing for TTS Synthesis,Kyle Kastner; J. F. Santos; Yoshua Bengio; Aaron C. Courville,"IEEE International Conference on Acoustics, Speech, and Signal Processing",2018,46,35,1,10.1109/ICASSP.2019.8682880,https://www.semanticscholar.org/paper/fc57c2901cf2349f1aa2136b46cc12a4885ddaad
fe1077f6b79e14457db77d7477a477f40f87e7e6,Dynamic Neural Turing Machine with Continuous and Discrete Addressing Schemes,Çaglar Gülçehre; A. Chandar; Kyunghyun Cho; Yoshua Bengio,Neural Computation,2018,53,55,2,10.1162/neco_a_01060,https://www.semanticscholar.org/paper/fe1077f6b79e14457db77d7477a477f40f87e7e6
032e9974cedb31f5c6e354626760e54e5ebf1e3c,The representational geometry of word meanings acquired by neural machine translation models,Felix Hill; Kyunghyun Cho; Sébastien Jean; Yoshua Bengio,Machine Translation,2017,1,0,0,10.1007/s10590-017-9194-2,https://www.semanticscholar.org/paper/032e9974cedb31f5c6e354626760e54e5ebf1e3c
042116e805aa3b5171efaf0c822dc142310ceefe,Boundary-Seeking Generative Adversarial Networks,R. Devon Hjelm; Athul Paul Jacob; Tong Che; Kyunghyun Cho; Yoshua Bengio,International Conference on Learning Representations,2017,176,60,16,,https://www.semanticscholar.org/paper/042116e805aa3b5171efaf0c822dc142310ceefe
06c23b80366757b3078cb94ccededfb6d4d87524,On integrating a language model into neural machine translation,Çaglar Gülçehre; Orhan Firat; Kelvin Xu; Kyunghyun Cho; Yoshua Bengio,Computer Speech and Language,2017,120,27,5,10.1016/j.csl.2017.01.014,https://www.semanticscholar.org/paper/06c23b80366757b3078cb94ccededfb6d4d87524
06f047ad105f8e3594e57c46763d866c7869b0a6,End-to-End Online Writer Identification With Recurrent Neural Network,Xu-Yao Zhang; Guosen Xie; Cheng-Lin Liu; Yoshua Bengio,IEEE Transactions on Human-Machine Systems,2017,114,39,11,10.1109/THMS.2016.2634921,https://www.semanticscholar.org/paper/06f047ad105f8e3594e57c46763d866c7869b0a6
07419ef51584e24e8212ee8e94b68a1aa86e35c9,STDP-Compatible Approximation of Backpropagation in an Energy-Based Model,Yoshua Bengio; Thomas Mesnard; Asja Fischer; Saizheng Zhang; Yuhuai Wu,Neural Computation,2017,93,33,7,10.1162/NECO_a_00934,https://www.semanticscholar.org/paper/07419ef51584e24e8212ee8e94b68a1aa86e35c9
098b96b713aa8a324090662c7f35213512f4525e,Residual Connections Encourage Iterative Inference,Stanislaw Jastrzebski; Devansh Arpit; Nicolas Ballas; Vikas Verma; Tong Che; Yoshua Bengio,International Conference on Learning Representations,2017,187,20,17,,https://www.semanticscholar.org/paper/098b96b713aa8a324090662c7f35213512f4525e
0fff5c49c05c27c22ac7685130197146491f0b36,The Consciousness Prior,Yoshua Bengio,arXiv.org,2017,271,22,13,,https://www.semanticscholar.org/paper/0fff5c49c05c27c22ac7685130197146491f0b36
11240fdd0b984d799f1bf5963a2c98acc6070e95,Count-ception: Counting by Fully Convolutional Redundant Counting,Joseph Paul Cohen; G. Boucher; C. Glastonbury; Henry Z. Lo; Yoshua Bengio,2017 IEEE International Conference on Computer Vision Workshops (ICCVW),2017,179,32,26,10.1109/ICCVW.2017.9,https://www.semanticscholar.org/paper/11240fdd0b984d799f1bf5963a2c98acc6070e95
11f9732e22bedf2a6d9fa710940545d36815403c,Dynamic Layer Normalization for Adaptive Neural Acoustic Modeling in Speech Recognition,Taesup Kim; Inchul Song; Yoshua Bengio,Interspeech,2017,71,31,2,10.21437/Interspeech.2017-556,https://www.semanticscholar.org/paper/11f9732e22bedf2a6d9fa710940545d36815403c
1ca2b9ce06964a6a168251e88ae59f68116e49cd,A robust adaptive stochastic gradient method for deep learning,Çaglar Gülçehre; Jose M. R. Sotelo; Marcin Moczulski; Yoshua Bengio,IEEE International Joint Conference on Neural Network,2017,26,28,7,10.1109/IJCNN.2017.7965845,https://www.semanticscholar.org/paper/1ca2b9ce06964a6a168251e88ae59f68116e49cd
204a4a70428f3938d2c538a4d74c7ae0416306d8,A Structured Self-attentive Sentence Embedding,Zhouhan Lin; Minwei Feng; C. D. Santos; Mo Yu; Bing Xiang; Bowen Zhou; Yoshua Bengio,International Conference on Learning Representations,2017,2327,39,169,,https://www.semanticscholar.org/paper/204a4a70428f3938d2c538a4d74c7ae0416306d8
219f59f48f279a82dc0bbff204ec9175264e7b79,Generalization in Deep Learning,Kenji Kawaguchi; L. Kaelbling; Yoshua Bengio,,2017,0,44,0,,https://www.semanticscholar.org/paper/219f59f48f279a82dc0bbff204ec9175264e7b79
22194b1d1b00a8793afc6b4d33eda3e68460da56,"Plan, Attend, Generate: Planning for Sequence-to-Sequence Models",Çaglar Gülçehre; Francis Dutil; Adam Trischler; Yoshua Bengio,Neural Information Processing Systems,2017,12,29,0,,https://www.semanticscholar.org/paper/22194b1d1b00a8793afc6b4d33eda3e68460da56
29c4827e249fe3edaed7a774afeb1d3e92b8c346,Image Segmentation by Iterative Inference from Conditional Score Estimation,Adriana Romero; M. Drozdzal; Akram Erraqabi; S. Jégou; Yoshua Bengio,arXiv.org,2017,10,35,0,,https://www.semanticscholar.org/paper/29c4827e249fe3edaed7a774afeb1d3e92b8c346
2a785a4a824d1028988daecec54a81ce1999a41e,Z-Forcing: Training Stochastic Recurrent Networks,Anirudh Goyal; Alessandro Sordoni; Marc-Alexandre Côté; Nan Rosemary Ke; Yoshua Bengio,Neural Information Processing Systems,2017,198,39,28,,https://www.semanticscholar.org/paper/2a785a4a824d1028988daecec54a81ce1999a41e
2bfc7f628c1f429f928a50aada8b3029851dee28,The Octopus Approach to the Alexa Competition : A Deep Ensemble-based Socialbot,Iulian Serban; Chinnadhurai Sankar; Saizheng Zhang; Zhouhan Lin; Sandeep Subramanian; Taesup Kim; Sarath Chandar; Nan Rosemary Ke; S. Rajeswar; A. D. Brébisson; Jose M. R. Sotelo; Dendi Suhubdy; Vincent Michalski; Alexandre Nguyen; Yoshua Bengio,,2017,8,29,1,,https://www.semanticscholar.org/paper/2bfc7f628c1f429f928a50aada8b3029851dee28
2f4e91b04a3f3058a654bf5e3d1af536f80aa8b6,ACtuAL: Actor-Critic Under Adversarial Learning,Anirudh Goyal; Nan Rosemary Ke; Alex Lamb; R. Devon Hjelm; C. Pal; Joelle Pineau; Yoshua Bengio,arXiv.org,2017,9,43,1,,https://www.semanticscholar.org/paper/2f4e91b04a3f3058a654bf5e3d1af536f80aa8b6
2fad7aa10fe2aecafa06faada0f9afd8985077eb,Sparse Attentive Backtracking : Towards Efficient Credit Assignment In Recurrent Networks,Nan Rosemary Ke; Alex Lamb; Anirudh Goyal; C. Pal; Yoshua Bengio,,2017,1,15,0,,https://www.semanticscholar.org/paper/2fad7aa10fe2aecafa06faada0f9afd8985077eb
33998aff64ce51df8dee45989cdca4b6b1329ec4,Graph Attention Networks,Petar Velickovic; Guillem Cucurull; Arantxa Casanova; Adriana Romero; Pietro Liò; Yoshua Bengio,International Conference on Learning Representations,2017,28254,44,3918,10.17863/CAM.48429,https://www.semanticscholar.org/paper/33998aff64ce51df8dee45989cdca4b6b1329ec4
339c6e6d46836c173fb6a23b493c724896d4cc70,Towards an Automatic Turing Test: Learning to Evaluate Dialogue Responses,Ryan Lowe; Michael Noseworthy; Iulian Serban; Nicolas Angelard-Gontier; Yoshua Bengio; Joelle Pineau,Annual Meeting of the Association for Computational Linguistics,2017,390,58,60,10.18653/v1/P17-1103,https://www.semanticscholar.org/paper/339c6e6d46836c173fb6a23b493c724896d4cc70
39c940bfe6750be6a0c3e3e42e3c2d697aeb40fa,Measuring the tendency of CNNs to Learn Surface Statistical Regularities,Jason Jo; Yoshua Bengio,arXiv.org,2017,275,46,12,,https://www.semanticscholar.org/paper/39c940bfe6750be6a0c3e3e42e3c2d697aeb40fa
3a6847885028c60e40a2542756ae9eb4021e3fbd,Use machine learning to find energy materials ,P. Luna; Jennifer N. Wei; Yoshua Bengio; Alán Aspuru-Guzik; E. Sargent,Nature,2017,108,9,1,10.1038/d41586-017-07820-6,https://www.semanticscholar.org/paper/3a6847885028c60e40a2542756ae9eb4021e3fbd
415f18130edbe06e3e4806dfb0a1edcab6c241eb,Fraternal Dropout,Konrad Zolna; Devansh Arpit; Dendi Suhubdy; Yoshua Bengio,International Conference on Learning Representations,2017,54,31,6,,https://www.semanticscholar.org/paper/415f18130edbe06e3e4806dfb0a1edcab6c241eb
430de87a0a8996bc93b1998f9a6261f7558a5679,Generalization in Deep Learning,Kenji Kawaguchi; L. Kaelbling; Yoshua Bengio,arXiv.org,2017,501,62,18,10.1017/9781009025096.003,https://www.semanticscholar.org/paper/430de87a0a8996bc93b1998f9a6261f7558a5679
45e3f381d16e6d6db5449b7a44b7bdf294a8a822,Multiscale sequence modeling with a learned dictionary,B. V. Merrienboer; Amartya Sanyal; H. Larochelle; Yoshua Bengio,arXiv.org,2017,10,30,0,,https://www.semanticscholar.org/paper/45e3f381d16e6d6db5449b7a44b7bdf294a8a822
48b43b24dd644600518a80b309fe0eb6c9c96a29,Learning normalized inputs for iterative estimation in medical image segmentation,M. Drozdzal; G. Chartrand; Eugene Vorontsov; Lisa Di-Jorio; A. Tang; Adriana Romero; Yoshua Bengio; C. Pal; S. Kadoury,Medical Image Anal.,2017,226,59,13,10.1016/j.media.2017.11.005,https://www.semanticscholar.org/paper/48b43b24dd644600518a80b309fe0eb6c9c96a29
4b8b3b792415df36f0fcb5b5810bbea471adfd47,Memory Augmented Neural Networks with Wormhole Connections,Çaglar Gülçehre; A. Chandar; Yoshua Bengio,arXiv.org,2017,64,50,8,,https://www.semanticscholar.org/paper/4b8b3b792415df36f0fcb5b5810bbea471adfd47
4fc0ea6db600850908264652e1a5d7904f66ca58,Maximum-Likelihood Augmented Discrete Generative Adversarial Networks,Tong Che; Yanran Li; Ruixiang Zhang; R. Devon Hjelm; Wenjie Li; Yangqiu Song; Yoshua Bengio,arXiv.org,2017,250,47,33,,https://www.semanticscholar.org/paper/4fc0ea6db600850908264652e1a5d7904f66ca58
5729a01765fe23715d02b81a6f1e565be4755eda,The representational geometry of word meanings acquired by neural machine translation models,Felix Hill; Kyunghyun Cho; Sébastien Jean; Yoshua Bengio,Machine Translation,2017,44,37,1,10.1007/s10590-017-9194-2,https://www.semanticscholar.org/paper/5729a01765fe23715d02b81a6f1e565be4755eda
58123025178256279bb060ca5da971b62bc329ee,Sharp Minima Can Generalize For Deep Nets,Laurent Dinh; Razvan Pascanu; Samy Bengio; Yoshua Bengio,International Conference on Machine Learning,2017,942,75,76,,https://www.semanticscholar.org/paper/58123025178256279bb060ca5da971b62bc329ee
5ddd38a5df945e4afee68d96ed51fd6ca1f7d4cf,A Closer Look at Memorization in Deep Networks,Devansh Arpit; Stanislaw Jastrzebski; Nicolas Ballas; David Krueger; Emmanuel Bengio; Maxinder S. Kanwal; Tegan Maharaj; Asja Fischer; Aaron C. Courville; Yoshua Bengio; Simon Lacoste-Julien,International Conference on Machine Learning,2017,2264,42,187,,https://www.semanticscholar.org/paper/5ddd38a5df945e4afee68d96ed51fd6ca1f7d4cf
62c16289e72ffecfa68e8b3d8f42f2e1eb9be25b,A Deep Reinforcement Learning Chatbot,Iulian Serban; Chinnadhurai Sankar; M. Germain; Saizheng Zhang; Zhouhan Lin; Sandeep Subramanian; Taesup Kim; Michael Pieper; A. Chandar; Nan Rosemary Ke; S. Mudumba; A. D. Brébisson; Jose M. R. Sotelo; Dendi Suhubdy; Vincent Michalski; Alexandre Nguyen; Joelle Pineau; Yoshua Bengio,arXiv.org,2017,247,98,15,,https://www.semanticscholar.org/paper/62c16289e72ffecfa68e8b3d8f42f2e1eb9be25b
6402703b62325865d00da1f58dbbcaf9a2bc417d,Twin Networks: Matching the Future for Sequence Generation,Dmitriy Serdyuk; Nan Rosemary Ke; Alessandro Sordoni; Adam Trischler; C. Pal; Yoshua Bengio,International Conference on Learning Representations,2017,69,63,10,,https://www.semanticscholar.org/paper/6402703b62325865d00da1f58dbbcaf9a2bc417d
69a4a3948141f630e9bd6ba3ef4ac637294a9136,Independently Controllable Factors,Valentin Thomas; Jules Pondard; Emmanuel Bengio; Marc Sarfati; Philippe Beaudoin; Marie-Jean Meurs; Joelle Pineau; Doina Precup; Yoshua Bengio,arXiv.org,2017,72,27,5,,https://www.semanticscholar.org/paper/69a4a3948141f630e9bd6ba3ef4ac637294a9136
759ac646fc63db981f34e98f50ce2627295fc7e7,Equivalence of Equilibrium Propagation and Recurrent Backpropagation,B. Scellier; Yoshua Bengio,Neural Computation,2017,59,8,2,10.1162/neco_a_01160,https://www.semanticscholar.org/paper/759ac646fc63db981f34e98f50ce2627295fc7e7
9081823129a5a9035247c56e73cccc035fc8818d,Gated Orthogonal Recurrent Units: On Learning to Forget,Li Jing; Çaglar Gülçehre; J. Peurifoy; Yichen Shen; Max Tegmark; M. Soljačić; Yoshua Bengio,Neural Computation,2017,139,31,13,10.1162/neco_a_01174,https://www.semanticscholar.org/paper/9081823129a5a9035247c56e73cccc035fc8818d
9203d6c076bffe87336f2ea91f5851436c02dbe6,Char2Wav: End-to-End Speech Synthesis,Jose M. R. Sotelo; Soroush Mehri; Kundan Kumar; J. F. Santos; Kyle Kastner; Aaron C. Courville; Yoshua Bengio,International Conference on Learning Representations,2017,461,40,32,,https://www.semanticscholar.org/paper/9203d6c076bffe87336f2ea91f5851436c02dbe6
970f474fc5408f079f627adbc9a300dfca7e317e,Learning to Compute Word Embeddings On the Fly,Dzmitry Bahdanau; Tom Bosc; Stanislaw Jastrzebski; Edward Grefenstette; P. Vincent; Yoshua Bengio,arXiv.org,2017,86,35,6,,https://www.semanticscholar.org/paper/970f474fc5408f079f627adbc9a300dfca7e317e
987cc50cd2c2f4dbc03d0fc43b2b4230a0256ff3,Learning Independent Features with Adversarial Nets for Non-linear ICA,Philemon Brakel; Yoshua Bengio,,2017,106,31,24,,https://www.semanticscholar.org/paper/987cc50cd2c2f4dbc03d0fc43b2b4230a0256ff3
99c81b2dc2a5def38f62db269bba7765cff129e0,Variational Walkback: Learning a Transition Operator as a Stochastic Recurrent Net,Anirudh Goyal; Nan Rosemary Ke; S. Ganguli; Yoshua Bengio,Neural Information Processing Systems,2017,57,36,1,,https://www.semanticscholar.org/paper/99c81b2dc2a5def38f62db269bba7765cff129e0
a1e34c955e5a412c71c07c5d9ef03680fd4d5add,Sparse Attentive Backtracking: Long-Range Credit Assignment in Recurrent Networks,Nan Rosemary Ke; Anirudh Goyal; O. Bilaniuk; Jonathan Binas; Laurent Charlin; C. Pal; Yoshua Bengio,arXiv.org,2017,15,32,2,,https://www.semanticscholar.org/paper/a1e34c955e5a412c71c07c5d9ef03680fd4d5add
a4570f05445513125306859fe6ac120219dfe7ca,Les données au service du savoir,Yoshua Bengio; A. Lodi,,2017,0,0,0,10.3917/riges.421.0068,https://www.semanticscholar.org/paper/a4570f05445513125306859fe6ac120219dfe7ca
a6aeaa788c70afaa4af3be9310c6434fc09e7d65,Independently Controllable Features,Emmanuel Bengio; Valentin Thomas; Joelle Pineau; Doina Precup; Yoshua Bengio,arXiv.org,2017,66,17,2,,https://www.semanticscholar.org/paper/a6aeaa788c70afaa4af3be9310c6434fc09e7d65
a742162820cdabee2831235665517d0e98041502,Deep Complex Networks,Chiheb Trabelsi; O. Bilaniuk; Dmitriy Serdyuk; Sandeep Subramanian; J. F. Santos; Soroush Mehri; Negar Rostamzadeh; Yoshua Bengio; C. Pal,International Conference on Learning Representations,2017,1070,54,170,,https://www.semanticscholar.org/paper/a742162820cdabee2831235665517d0e98041502
aa11300ba731dda244c504be8766e100efc9ca89,Variance Regularizing Adversarial Learning,Karan Grewal; R. Devon Hjelm; Yoshua Bengio,arXiv.org,2017,7,17,0,,https://www.semanticscholar.org/paper/aa11300ba731dda244c504be8766e100efc9ca89
acf2f08320b06c9df7e8235e840be699589db03b,Towards more hardware-friendly deep learning,Yoshua Bengio,TiML '17,2017,0,0,0,10.1145/3149166.3149171,https://www.semanticscholar.org/paper/acf2f08320b06c9df7e8235e840be699589db03b
b44415a13f29ddc1af497b3876a2396673c3cfc0,Twin Networks: Using the Future as a Regularizer,Dmitriy Serdyuk; Nan Rosemary Ke; Alessandro Sordoni; C. Pal; Yoshua Bengio,arXiv.org,2017,12,28,1,,https://www.semanticscholar.org/paper/b44415a13f29ddc1af497b3876a2396673c3cfc0
c783f95ba3debf54cd6b587973a02bb0f98bbb6c,"Plan, Attend, Generate: Character-Level Neural Machine Translation with Planning",Çaglar Gülçehre; Francis Dutil; Adam Trischler; Yoshua Bengio,Rep4NLP@ACL,2017,7,17,0,10.18653/v1/W17-2627,https://www.semanticscholar.org/paper/c783f95ba3debf54cd6b587973a02bb0f98bbb6c
ca010ffddf272414ad38a9718674e264d1f5d0c5,Variational Bi-LSTMs,S. Shabanian; Devansh Arpit; Adam Trischler; Yoshua Bengio,arXiv.org,2017,28,37,4,,https://www.semanticscholar.org/paper/ca010ffddf272414ad38a9718674e264d1f5d0c5
cb6be69c67b0b15ebbda89a126f4dd62a4d32958,FigureQA: An Annotated Figure Dataset for Visual Reasoning,Samira Ebrahimi Kahou; Adam Atkinson; Vincent Michalski; Ákos Kádár; Adam Trischler; Yoshua Bengio,International Conference on Learning Representations,2017,507,40,69,,https://www.semanticscholar.org/paper/cb6be69c67b0b15ebbda89a126f4dd62a4d32958
cef7239a269a0644ed0d5889b89a3ee6be732318,Dendritic error backpropagation in deep cortical microcircuits,J. Sacramento; R. P. Costa; Yoshua Bengio; W. Senn,arXiv.org,2017,55,58,4,,https://www.semanticscholar.org/paper/cef7239a269a0644ed0d5889b89a3ee6be732318
d9e75a0c9d0a6538e822e460f068ac3963fbecc1,Improving Speech Recognition by Revising Gated Recurrent Units,M. Ravanelli; Philemon Brakel; M. Omologo; Yoshua Bengio,Interspeech,2017,56,42,2,10.21437/Interspeech.2017-775,https://www.semanticscholar.org/paper/d9e75a0c9d0a6538e822e460f068ac3963fbecc1
ddc3e40664100cead1e18cf7cb21a7a31ace1683,Monaural Singing Voice Separation with Skip-Filtering Connections and Recurrent Inference of Time-Frequency Mask,S. I. Mimilakis; K. Drossos; J. F. Santos; G. Schuller; T. Virtanen; Yoshua Bengio,"IEEE International Conference on Acoustics, Speech, and Signal Processing",2017,40,24,0,10.1109/ICASSP.2018.8461822,https://www.semanticscholar.org/paper/ddc3e40664100cead1e18cf7cb21a7a31ace1683
e119ce794f45069df77946cce94fb12c15b4e44c,ObamaNet: Photo-realistic lip-sync from text,Rithesh Kumar; Jose M. R. Sotelo; Kundan Kumar; A. D. Brébisson; Yoshua Bengio,arXiv.org,2017,132,6,17,,https://www.semanticscholar.org/paper/e119ce794f45069df77946cce94fb12c15b4e44c
e37bde2765c0869982c48a7bbd139d0c63246fa6,GibbsNet: Iterative Adversarial Inference for Deep Graphical Models,Alex Lamb; R. Devon Hjelm; Yaroslav Ganin; Joseph Paul Cohen; Aaron C. Courville; Yoshua Bengio,Neural Information Processing Systems,2017,14,26,2,,https://www.semanticscholar.org/paper/e37bde2765c0869982c48a7bbd139d0c63246fa6
eb7c1cc72b02508d3ef6748f234a5d789a4cf89f,A network of deep neural networks for Distant Speech Recognition,M. Ravanelli; Philemon Brakel; M. Omologo; Yoshua Bengio,"IEEE International Conference on Acoustics, Speech, and Signal Processing",2017,41,41,1,10.1109/ICASSP.2017.7953084,https://www.semanticscholar.org/paper/eb7c1cc72b02508d3ef6748f234a5d789a4cf89f
ef65b08bdf351166d49f184a42db10211d25f997,Deep Learning for Patient-Specific Kidney Graft Survival Analysis,M. Luck; Tristan Sylvain; H. Cardinal; Andrea Lodi; Yoshua Bengio,arXiv.org,2017,125,19,12,,https://www.semanticscholar.org/paper/ef65b08bdf351166d49f184a42db10211d25f997
f9e6af73d33e7aac3f349bef927fcd666e8e00db,Three Factors Influencing Minima in SGD,Stanislaw Jastrzebski; Zachary Kenton; Devansh Arpit; Nicolas Ballas; Asja Fischer; Yoshua Bengio; A. Storkey,arXiv.org,2017,552,46,82,,https://www.semanticscholar.org/paper/f9e6af73d33e7aac3f349bef927fcd666e8e00db
fcd30321fc03931c71afd95606698f481adf1663,"Multi-way, multilingual neural machine translation",Orhan Firat; Kyunghyun Cho; B. Sankaran; F. Yarman-Vural; Yoshua Bengio,Computer Speech and Language,2017,100,32,7,10.1016/j.csl.2016.10.006,https://www.semanticscholar.org/paper/fcd30321fc03931c71afd95606698f481adf1663
024d30897e0a2b036bc122163a954b7f1a1d0679,Mode Regularized Generative Adversarial Networks,Tong Che; Yanran Li; Athul Paul Jacob; Yoshua Bengio; Wenjie Li,International Conference on Learning Representations,2016,598,28,56,,https://www.semanticscholar.org/paper/024d30897e0a2b036bc122163a954b7f1a1d0679
0d24a0695c9fc669e643bad51d4e14f056329dec,An Actor-Critic Algorithm for Sequence Prediction,Dzmitry Bahdanau; Philemon Brakel; Kelvin Xu; Anirudh Goyal; Ryan Lowe; Joelle Pineau; Aaron C. Courville; Yoshua Bengio,International Conference on Learning Representations,2016,675,49,73,,https://www.semanticscholar.org/paper/0d24a0695c9fc669e643bad51d4e14f056329dec
0fa5142f908afc94c923ca2adbe14a5673bc76eb,A Neural Knowledge Language Model,Sungjin Ahn; Heeyoul Choi; Tanel Pärnamaa; Yoshua Bengio,arXiv.org,2016,124,51,8,,https://www.semanticscholar.org/paper/0fa5142f908afc94c923ca2adbe14a5673bc76eb
123ae35aa7d6838c817072032ce5615bb891652d,BinaryNet: Training Deep Neural Networks with Weights and Activations Constrained to +1 or -1,Matthieu Courbariaux; Yoshua Bengio,arXiv.org,2016,710,43,82,,https://www.semanticscholar.org/paper/123ae35aa7d6838c817072032ce5615bb891652d
136cf66392f1d6bf42da4cc070888996dc472b91,On Multiplicative Integration with Recurrent Neural Networks,Yuhuai Wu; Saizheng Zhang; Y. Zhang; Yoshua Bengio; R. Salakhutdinov,Neural Information Processing Systems,2016,165,35,27,,https://www.semanticscholar.org/paper/136cf66392f1d6bf42da4cc070888996dc472b91
178cd4b6a6b26306056b058b3f76ebfd914b64d7,Invariant Representations for Noisy Speech Recognition,Dmitriy Serdyuk; Kartik Audhkhasi; Philemon Brakel; B. Ramabhadran; Samuel Thomas; Yoshua Bengio,arXiv.org,2016,70,20,1,,https://www.semanticscholar.org/paper/178cd4b6a6b26306056b058b3f76ebfd914b64d7
1a07daa88a366c10afa80cbdf63ad1b5d0759d1e,HeMIS: Hetero-Modal Image Segmentation,Mohammad Havaei; N. Guizard; Nicolas Chapados; Yoshua Bengio,International Conference on Medical Image Computing and Computer-Assisted Intervention,2016,375,27,35,10.1007/978-3-319-46723-8_54,https://www.semanticscholar.org/paper/1a07daa88a366c10afa80cbdf63ad1b5d0759d1e
1bb0cc66bad62eeb85ffe0ade6b0e3c11c89ca82,Collaborative filtering techniques for drug discovery par 7 M / t ( 3 ’ / 7,D. Eck; Yoshua Bengio,,2016,0,39,0,,https://www.semanticscholar.org/paper/1bb0cc66bad62eeb85ffe0ade6b0e3c11c89ca82
1cdc33527b3584a60a5d270a1152fe6ec0d3e8df,The Variational Walkback Algorithm,Anirudh Goyal; Nan Rosemary Ke; Alex Lamb; Yoshua Bengio,,2016,3,0,0,,https://www.semanticscholar.org/paper/1cdc33527b3584a60a5d270a1152fe6ec0d3e8df
1d9df46f672b1e22b6f210343be8684f88c0ccca,The One Hundred Layers Tiramisu: Fully Convolutional DenseNets for Semantic Segmentation,S. Jégou; M. Drozdzal; David Vázquez; Adriana Romero; Yoshua Bengio,2017 IEEE Conference on Computer Vision and Pattern Recognition Workshops (CVPRW),2016,1674,38,197,10.1109/CVPRW.2017.156,https://www.semanticscholar.org/paper/1d9df46f672b1e22b6f210343be8684f88c0ccca
1f61e15e0076a4439c98232ab679680dea0d1372,Equilibrium Propagation: Bridging the Gap between Energy-Based Models and Backpropagation,B. Scellier; Yoshua Bengio,Frontiers in Computational Neuroscience,2016,691,40,85,10.3389/fncom.2017.00024,https://www.semanticscholar.org/paper/1f61e15e0076a4439c98232ab679680dea0d1372
28135fd3e80dda50a673cd556f10b9b972005d27,Binarized Neural Networks,Itay Hubara; Matthieu Courbariaux; Daniel Soudry; Ran El-Yaniv; Yoshua Bengio,arXiv.org,2016,2205,27,282,,https://www.semanticscholar.org/paper/28135fd3e80dda50a673cd556f10b9b972005d27
2a0cec7f0f8b63f182ea0c52cb935580acabafcc,UOUS AND DISCRETE ADDRESSING SCHEMES,Sarath Chandar; Kyunghyun Cho; Yoshua Bengio,,2016,0,41,0,,https://www.semanticscholar.org/paper/2a0cec7f0f8b63f182ea0c52cb935580acabafcc
2fe874a1c85ecc9e848bf9defd76535e19d51f39,Professor Forcing: A New Algorithm for Training Recurrent Networks,Anirudh Goyal; Alex Lamb; Ying Zhang; Saizheng Zhang; Aaron C. Courville; Yoshua Bengio,Neural Information Processing Systems,2016,710,35,43,,https://www.semanticscholar.org/paper/2fe874a1c85ecc9e848bf9defd76535e19d51f39
3184397b9580af121c7b0b09b664c41ec401a16e,Feedforward Initialization for Fast Inference of Deep Generative Networks is biologically plausible,Yoshua Bengio; B. Scellier; O. Bilaniuk; J. Sacramento; W. Senn,arXiv.org,2016,19,28,3,,https://www.semanticscholar.org/paper/3184397b9580af121c7b0b09b664c41ec401a16e
36769a3297d21e8477d043555870548e4a80ded4,Learning Latent Multiscale Structure Using Recurrent Neural Networks,Junyoung Chung; Sungjin Ahn; Yoshua Bengio,,2016,0,22,0,,https://www.semanticscholar.org/paper/36769a3297d21e8477d043555870548e4a80ded4
3f43314011db0e92e629d6ee6cf6a918e1e258bb,NYU-MILA Neural Machine Translation Systems for WMT’16,Junyoung Chung; Kyunghyun Cho; Yoshua Bengio,Conference on Machine Translation,2016,7,12,2,10.18653/v1/W16-2309,https://www.semanticscholar.org/paper/3f43314011db0e92e629d6ee6cf6a918e1e258bb
4071a0b0afbf97da5d66389c0b8d781aaa55bf3a,On Random Weights for Texture Generation in One Layer Neural Networks,Mihir Mongia; Kundan Kumar; Akram Erraqabi; Yoshua Bengio,arXiv.org,2016,5,6,0,,https://www.semanticscholar.org/paper/4071a0b0afbf97da5d66389c0b8d781aaa55bf3a
4dd1c8c3a30c8d4c4864a1a52fb0e50895efa793,Former NASA chief unveils $ 100 million neural chip maker KnuEdge,C. Strasser; D. Takahashi; Tim Klinger; G. Tesauro; Kartik Talamadupula; Bowen Zhou; Yoshua Bengio; Aaron C. Courville,,2016,0,0,0,,https://www.semanticscholar.org/paper/4dd1c8c3a30c8d4c4864a1a52fb0e50895efa793
52d145f7e7005ae8118306db1427bf1becbad001,Batch-normalized joint training for DNN-based distant speech recognition,M. Ravanelli; Philemon Brakel; M. Omologo; Yoshua Bengio,Spoken Language Technology Workshop,2016,35,52,2,10.1109/SLT.2016.7846241,https://www.semanticscholar.org/paper/52d145f7e7005ae8118306db1427bf1becbad001
568374ac9433e29b812008b2a01f81e657bdbd34,Noisy Activation Functions,Çaglar Gülçehre; Marcin Moczulski; Misha Denil; Yoshua Bengio,International Conference on Machine Learning,2016,310,27,18,,https://www.semanticscholar.org/paper/568374ac9433e29b812008b2a01f81e657bdbd34
572b98c8d9b3f4f0078f8d1565ecfb9ccb3bfcab,Drawing and Recognizing Chinese Characters with Recurrent Neural Network,Xu-Yao Zhang; Fei Yin; Yan-Ming Zhang; Cheng-Lin Liu; Yoshua Bengio,IEEE Transactions on Pattern Analysis and Machine Intelligence,2016,352,60,19,10.1109/TPAMI.2017.2695539,https://www.semanticscholar.org/paper/572b98c8d9b3f4f0078f8d1565ecfb9ccb3bfcab
5800dc366ac2739d27ee61edf27516ce59023338,A promising approach to model such hierarchical and temporal representation is the multiscale,Junyoung Chung; Sungjin Ahn; Yoshua Bengio,,2016,0,57,0,,https://www.semanticscholar.org/paper/5800dc366ac2739d27ee61edf27516ce59023338
5e23a28063b395bdaf784dc548a046885cb90cf2,Understanding intermediate layers using linear classifier probes,Guillaume Alain; Yoshua Bengio,International Conference on Learning Representations,2016,1795,38,95,,https://www.semanticscholar.org/paper/5e23a28063b395bdaf784dc548a046885cb90cf2
609e0f0e60ddfe83fdc71bf5397205323888289d,A Hierarchical Latent Variable Encoder-Decoder Model for Generating Dialogues,Iulian Serban; Alessandro Sordoni; Ryan Lowe; Laurent Charlin; Joelle Pineau; Aaron C. Courville; Yoshua Bengio,AAAI Conference on Artificial Intelligence,2016,1147,43,142,10.1609/aaai.v31i1.10983,https://www.semanticscholar.org/paper/609e0f0e60ddfe83fdc71bf5397205323888289d
65eee67dee969fdf8b44c87c560d66ad4d78e233,Hierarchical Multiscale Recurrent Neural Networks,Junyoung Chung; Sungjin Ahn; Yoshua Bengio,International Conference on Learning Representations,2016,568,73,72,,https://www.semanticscholar.org/paper/65eee67dee969fdf8b44c87c560d66ad4d78e233
6b570069f14c7588e066f7138e1f21af59d62e61,Theano: A Python framework for fast computation of mathematical expressions,Rami Al-Rfou; Guillaume Alain; Amjad Almahairi; Christof Angermüller; Dzmitry Bahdanau; Nicolas Ballas; Frédéric Bastien; Justin Bayer; Anatoly Belikov; A. Belopolsky; Yoshua Bengio; Arnaud Bergeron; J. Bergstra; Valentin Bisson; Josh Bleecher Snyder; Nicolas Bouchard; Nicolas Boulanger-Lewandowski; Xavier Bouthillier; A. D. Brébisson; Olivier Breuleux; P. Carrier; Kyunghyun Cho; J. Chorowski; P. Christiano; Tim Cooijmans; Marc-Alexandre Côté; Myriam Côté; Aaron C. Courville; Yann Dauphin; Olivier Delalleau; Julien Demouth; Guillaume Desjardins; S. Dieleman; Laurent Dinh; Mélanie Ducoffe; Vincent Dumoulin; Samira Ebrahimi Kahou; D. Erhan; Ziye Fan; Orhan Firat; M. Germain; Xavier Glorot; I. Goodfellow; M. Graham; Çaglar Gülçehre; P. Hamel; Iban Harlouchet; J. Heng; Balázs Hidasi; S. Honari; Arjun Jain; Sébastien Jean; Kai Jia; Mikhail Korobov; Vivek Kulkarni; Alex Lamb; Pascal Lamblin; Eric Larsen; César Laurent; S. Lee; S. Lefrançois; S. Lemieux; Nicholas Léonard; Zhouhan Lin; J. Livezey; C. Lorenz; J. Lowin; Qianli Ma; Pierre-Antoine Manzagol; Olivier Mastropietro; R. McGibbon; R. Memisevic; B. V. Merrienboer; Vincent Michalski; Mehdi Mirza; A. Orlandi; C. Pal; Razvan Pascanu; M. Pezeshki; Colin Raffel; D. Renshaw; M. Rocklin; Adriana Romero; Markus Roth; Peter Sadowski; J. Salvatier; François Savard; Jan Schlüter; John Schulman; Gabriel Schwartz; Iulian Serban; Dmitriy Serdyuk; S. Shabanian; Étienne Simon; Sigurd Spieckermann; S. Subramanyam; Jakub Sygnowski; Jérémie Tanguay; Gijs van Tulder; Joseph P. Turian; S. Urban; Pascal Vincent; Francesco Visin; H. D. Vries; David Warde-Farley; Dustin J. Webb; M. Willson; Kelvin Xu; Lijun Xue; Li Yao; Saizheng Zhang; Ying Zhang,arXiv.org,2016,2381,34,140,,https://www.semanticscholar.org/paper/6b570069f14c7588e066f7138e1f21af59d62e61
6eecc808d4c74e7d0d7ef6b8a4112c985ced104d,Binarized Neural Networks,Matthieu Courbariaux; Itay Hubara; Daniel Soudry; Ran El-Yaniv; Yoshua Bengio,Neural Information Processing Systems,2016,1333,66,144,,https://www.semanticscholar.org/paper/6eecc808d4c74e7d0d7ef6b8a4112c985ced104d
72f123662fa9e5721c8257f4d211105d8d9eb536,Machines Who Learn.,Yoshua Bengio,Scientific American,2016,7,0,0,10.1038/scientificamerican0616-46,https://www.semanticscholar.org/paper/72f123662fa9e5721c8257f4d211105d8d9eb536
76d21c71ee13f472faaa45bb179af7c102abd8fb,Towards a Biologically Plausible Backprop,B. Scellier; Yoshua Bengio,arXiv.org,2016,44,34,4,,https://www.semanticscholar.org/paper/76d21c71ee13f472faaa45bb179af7c102abd8fb
7874340679ed0d90ce33b090ab875d0094a8e709,Recurrent Neural Networks With Limited Numerical Precision,Joachim Ott; Zhouhan Lin; Y. Zhang; Shih-Chii Liu; Yoshua Bengio,arXiv.org,2016,80,32,5,,https://www.semanticscholar.org/paper/7874340679ed0d90ce33b090ab875d0094a8e709
7b4cd55ce7d7558eecb8d39f25a05cfd01ce4715,Context-dependent word representation for neural machine translation,Heeyoul Choi; Kyunghyun Cho; Yoshua Bengio,Computer Speech and Language,2016,99,33,6,10.1016/j.csl.2017.01.007,https://www.semanticscholar.org/paper/7b4cd55ce7d7558eecb8d39f25a05cfd01ce4715
906ac7584faf8ead6004be4cc5122320c87df59c,Dynamic Neural Turing Machine with Soft and Hard Addressing Schemes,Çaglar Gülçehre; A. Chandar; Kyunghyun Cho; Yoshua Bengio,arXiv.org,2016,67,46,9,,https://www.semanticscholar.org/paper/906ac7584faf8ead6004be4cc5122320c87df59c
92e2f30ab8c0010b7ba8c296d6964a3088c700f4,Deep Directed Generative Models with Energy-Based Probability Estimation,Taesup Kim; Yoshua Bengio,arXiv.org,2016,143,18,17,,https://www.semanticscholar.org/paper/92e2f30ab8c0010b7ba8c296d6964a3088c700f4
96856a1f07cfbb817478c0496dceb563edcc1e8a,"Aprendizaje profundo. Tras años de decepciones, la inteligencia artiñcial está empezando a cumplir lo que prometia en sus comienzos gracias a esta potente técnica",Yoshua Bengio,,2016,0,0,0,,https://www.semanticscholar.org/paper/96856a1f07cfbb817478c0496dceb563edcc1e8a
9ed9bff37ec952134564b3b2a022b7aba9479ff2,"Multi-Way, Multilingual Neural Machine Translation with a Shared Attention Mechanism",Orhan Firat; Kyunghyun Cho; Yoshua Bengio,North American Chapter of the Association for Computational Linguistics,2016,646,39,53,10.18653/v1/N16-1101,https://www.semanticscholar.org/paper/9ed9bff37ec952134564b3b2a022b7aba9479ff2
9f0687bcd0a7d7fc91b8c5d36c003a38b8853105,Zoneout: Regularizing RNNs by Randomly Preserving Hidden Activations,David Krueger; Tegan Maharaj; J'anos Kram'ar; M. Pezeshki; Nicolas Ballas; Nan Rosemary Ke; Anirudh Goyal; Yoshua Bengio; H. Larochelle; Aaron C. Courville; C. Pal,International Conference on Learning Representations,2016,333,42,43,,https://www.semanticscholar.org/paper/9f0687bcd0a7d7fc91b8c5d36c003a38b8853105
a36d5dee672e66b5f4db9e9df7498ef89b4b9cf5,Diet Networks: Thin Parameters for Fat Genomic,Adriana Romero; P. Carrier; Akram Erraqabi; Tristan Sylvain; Alex Auvolat; Etienne Dejoie; Marc-André Legault; Marie-Pierre Dubé; J. Hussin; Yoshua Bengio,International Conference on Learning Representations,2016,79,36,7,,https://www.semanticscholar.org/paper/a36d5dee672e66b5f4db9e9df7498ef89b4b9cf5
a70bdfba1392a82a57645515a3885545fefbed6c,Task Loss Estimation for Structured Prediction,Dzmitry Bahdanau; D. Serdyuk; Philemon Brakel; Nan Rosemary Ke; J. Chorowski; Aaron C. Courville; Yoshua Bengio,,2016,2,0,0,,https://www.semanticscholar.org/paper/a70bdfba1392a82a57645515a3885545fefbed6c
aa5b35dcf8b024f5352db73cc3944e8fad4f3793,Pointing the Unknown Words,Çaglar Gülçehre; Sungjin Ahn; Ramesh Nallapati; Bowen Zhou; Yoshua Bengio,Annual Meeting of the Association for Computational Linguistics,2016,539,50,51,10.18653/v1/P16-1014,https://www.semanticscholar.org/paper/aa5b35dcf8b024f5352db73cc3944e8fad4f3793
acec46ffd3f6046af97529127d98f1d623816ea4,A Character-level Decoder without Explicit Segmentation for Neural Machine Translation,Junyoung Chung; Kyunghyun Cho; Yoshua Bengio,Annual Meeting of the Association for Computational Linguistics,2016,339,46,21,10.18653/v1/P16-1160,https://www.semanticscholar.org/paper/acec46ffd3f6046af97529127d98f1d623816ea4
afd11ad7af1bad30b516ad4b050e9ee2b41fa335,Multiresolution Recurrent Neural Networks: An Application to Dialogue Response Generation,Iulian Serban; Tim Klinger; G. Tesauro; Kartik Talamadupula; Bowen Zhou; Yoshua Bengio; Aaron C. Courville,AAAI Conference on Artificial Intelligence,2016,194,54,21,10.1609/aaai.v31i1.10984,https://www.semanticscholar.org/paper/afd11ad7af1bad30b516ad4b050e9ee2b41fa335
b9728a8279c12f93fff089b6fac96afd2d3bab04,Mollifying Networks,Çaglar Gülçehre; Marcin Moczulski; Francesco Visin; Yoshua Bengio,International Conference on Learning Representations,2016,47,41,4,,https://www.semanticscholar.org/paper/b9728a8279c12f93fff089b6fac96afd2d3bab04
bff68d3f9f796084faed77621d22acc5ae1d9a14,On random weights for texture generation in one layer CNNS,Mihir Mongia; Kundan Kumar; Akram Erraqabi; Yoshua Bengio,"IEEE International Conference on Acoustics, Speech, and Signal Processing",2016,6,10,0,10.1109/ICASSP.2017.7952548,https://www.semanticscholar.org/paper/bff68d3f9f796084faed77621d22acc5ae1d9a14
c17b6f2d9614878e3f860c187f72a18ffb5aabb6,Hierarchical Memory Networks,A. Chandar; Sungjin Ahn; H. Larochelle; P. Vincent; G. Tesauro; Yoshua Bengio,arXiv.org,2016,88,27,2,,https://www.semanticscholar.org/paper/c17b6f2d9614878e3f860c187f72a18ffb5aabb6
c3b6eaa1544a6864ebbf57cc0d1f4a352cacf5b3,Generalizable Features From Unsupervised Learning,Mehdi Mirza; Aaron C. Courville; Yoshua Bengio,International Conference on Learning Representations,2016,18,28,1,,https://www.semanticscholar.org/paper/c3b6eaa1544a6864ebbf57cc0d1f4a352cacf5b3
cff8123a9765fe0bfcbae1b62b367236ad645d56,Online and offline handwritten Chinese character recognition: A comprehensive study and new benchmark,Xu-Yao Zhang; Yoshua Bengio; Cheng-Lin Liu,Pattern Recognition,2016,293,88,28,10.1016/j.patcog.2016.08.005,https://www.semanticscholar.org/paper/cff8123a9765fe0bfcbae1b62b367236ad645d56
d009625c6bec7c03c09bb5db8f448fcb0efb0fd4,Big Data: Theoretical Aspects [Scanning the Issue],S. Haykin; Stephen J. Wright; Yoshua Bengio,Proceedings of the IEEE,2016,7,0,0,10.1109/JPROC.2015.2507658,https://www.semanticscholar.org/paper/d009625c6bec7c03c09bb5db8f448fcb0efb0fd4
d2e4147eecae6f914e9e1e9aece8fdd2eaed809f,Quantized Neural Networks: Training Neural Networks with Low Precision Weights and Activations,Itay Hubara; Matthieu Courbariaux; Daniel Soudry; Ran El-Yaniv; Yoshua Bengio,Journal of machine learning research,2016,2141,75,135,,https://www.semanticscholar.org/paper/d2e4147eecae6f914e9e1e9aece8fdd2eaed809f
d7eeffce7df899dd9ca35c541350ee6b690ec629,Generating Factoid Questions With Recurrent Neural Networks: The 30M Factoid Question-Answer Corpus,Iulian Serban; Alberto García-Durán; Çaglar Gülçehre; Sungjin Ahn; A. Chandar; Aaron C. Courville; Yoshua Bengio,Annual Meeting of the Association for Computational Linguistics,2016,302,37,25,10.18653/v1/P16-1056,https://www.semanticscholar.org/paper/d7eeffce7df899dd9ca35c541350ee6b690ec629
d986f7e43c2d93e274414e834bfe2af58ce7abb8,An Actor-Critic Algorithm for Structured Prediction,Dzmitry Bahdanau; Philemon Brakel; Kelvin Xu; Anirudh Goyal; Ryan Lowe; Joelle Pineau; Aaron Memisevic; Yoshua Bengio,,2016,3,0,0,,https://www.semanticscholar.org/paper/d986f7e43c2d93e274414e834bfe2af58ce7abb8
e0b207e96351671453aa8bf05b7225c8a340a0b2,Towards End-to-End Speech Recognition with Deep Convolutional Neural Networks,Y. Zhang; M. Pezeshki; Philemon Brakel; Saizheng Zhang; César Laurent; Yoshua Bengio; Aaron C. Courville,Interspeech,2016,387,36,20,10.21437/Interspeech.2016-1446,https://www.semanticscholar.org/paper/e0b207e96351671453aa8bf05b7225c8a340a0b2
e221e2c2ca8bd74a7b818406c8a2a342760e7d65,SampleRNN: An Unconditional End-to-End Neural Audio Generation Model,Soroush Mehri; Kundan Kumar; Ishaan Gulrajani; Rithesh Kumar; Shubham Jain; Jose M. R. Sotelo; Aaron C. Courville; Yoshua Bengio,International Conference on Learning Representations,2016,634,31,71,,https://www.semanticscholar.org/paper/e221e2c2ca8bd74a7b818406c8a2a342760e7d65
f314339651cb25e4234e0b96fe8bd87206847993,Iterative Alternating Neural Attention for Machine Reading,Alessandro Sordoni; Philip Bachman; Yoshua Bengio,arXiv.org,2016,122,24,19,,https://www.semanticscholar.org/paper/f314339651cb25e4234e0b96fe8bd87206847993
f6fda11d2b31ad66dd008a65f7e708aa64a27703,Architectural Complexity Measures of Recurrent Neural Networks,Saizheng Zhang; Yuhuai Wu; Tong Che; Zhouhan Lin; R. Memisevic; R. Salakhutdinov; Yoshua Bengio,Neural Information Processing Systems,2016,163,34,24,,https://www.semanticscholar.org/paper/f6fda11d2b31ad66dd008a65f7e708aa64a27703
028b12914811f9dae0536fa2e05df8ff7f8fb96b,EmoNets: Multimodal deep learning approaches for emotion recognition in video,Samira Ebrahimi Kahou; Xavier Bouthillier; Pascal Lamblin; Çaglar Gülçehre; Vincent Michalski; K. Konda; Sébastien Jean; Pierre Froumenty; Yann Dauphin; Nicolas Boulanger-Lewandowski; Raul Chandias Ferrari; Mehdi Mirza; David Warde-Farley; Aaron C. Courville; Pascal Vincent; R. Memisevic; C. Pal; Yoshua Bengio,Journal on Multimodal User Interfaces,2015,413,45,17,10.1007/s12193-015-0195-2,https://www.semanticscholar.org/paper/028b12914811f9dae0536fa2e05df8ff7f8fb96b
0c3b69b5247ef18fd5bab1109d87a04184ea8f4b,A Recurrent Latent Variable Model for Sequential Data,Junyoung Chung; Kyle Kastner; Laurent Dinh; Kratarth Goel; Aaron C. Courville; Yoshua Bengio,Neural Information Processing Systems,2015,1391,19,211,,https://www.semanticscholar.org/paper/0c3b69b5247ef18fd5bab1109d87a04184ea8f4b
16aac81ae033f7295d82e5b679400d105170a3e1,Oracle Performance for Visual Captioning,L. Yao; Nicolas Ballas; Kyunghyun Cho; John R. Smith; Yoshua Bengio,British Machine Vision Conference,2015,9,41,1,10.5244/C.30.141,https://www.semanticscholar.org/paper/16aac81ae033f7295d82e5b679400d105170a3e1
17f5c7411eeeeedf25b0db99a9130aa353aee4ba,Building End-To-End Dialogue Systems Using Generative Hierarchical Neural Network Models,Iulian Serban; Alessandro Sordoni; Yoshua Bengio; Aaron C. Courville; Joelle Pineau,AAAI Conference on Artificial Intelligence,2015,1815,54,207,10.1609/aaai.v30i1.9883,https://www.semanticscholar.org/paper/17f5c7411eeeeedf25b0db99a9130aa353aee4ba
1c3e323d69a41ca914f714e6c1c88ee1e1d9c06a,Towards Biologically Plausible Deep Learning,Yoshua Bengio; Dong-Hyun Lee; J. Bornschein; Zhouhan Lin,arXiv.org,2015,384,43,24,,https://www.semanticscholar.org/paper/1c3e323d69a41ca914f714e6c1c88ee1e1d9c06a
22ba26e56fc3e68f2e6a96c60d27d5f721ea00e9,Equilibrated adaptive learning rates for non-convex optimization,Yann Dauphin; H. D. Vries; Yoshua Bengio,Neural Information Processing Systems,2015,493,21,49,,https://www.semanticscholar.org/paper/22ba26e56fc3e68f2e6a96c60d27d5f721ea00e9
2579b2066d0fcbeda5498f5053f201b10a8e254b,Deconstructing the Ladder Network Architecture,M. Pezeshki; Linxi (Jim) Fan; Philemon Brakel; Aaron C. Courville; Yoshua Bengio,International Conference on Machine Learning,2015,98,29,11,,https://www.semanticscholar.org/paper/2579b2066d0fcbeda5498f5053f201b10a8e254b
25eb839f39507fe6983ad3e692b2f8d93a5cb0cc,Montreal Neural Machine Translation Systems for WMT’15,Sébastien Jean; Orhan Firat; Kyunghyun Cho; R. Memisevic; Yoshua Bengio,WMT@EMNLP,2015,160,24,12,10.18653/v1/W15-3014,https://www.semanticscholar.org/paper/25eb839f39507fe6983ad3e692b2f8d93a5cb0cc
26c62faa3a3e25754416b7852b1bb5efa96e36e5,Task Loss Estimation for Sequence Prediction,Dzmitry Bahdanau; Dmitriy Serdyuk; Philemon Brakel; Nan Rosemary Ke; J. Chorowski; Aaron C. Courville; Yoshua Bengio,arXiv.org,2015,33,30,7,,https://www.semanticscholar.org/paper/26c62faa3a3e25754416b7852b1bb5efa96e36e5
2913c2bf3f92b5ae369400a42b2d27cc5bc05ecb,Deep Learning,Yann LeCun; Yoshua Bengio; Geoffrey E. Hinton,,2015,38331,1,1479,,https://www.semanticscholar.org/paper/2913c2bf3f92b5ae369400a42b2d27cc5bc05ecb
2c411e28ba58c1e1c33419e5fd70f7174a80717e,Denoising Criterion for Variational Auto-Encoding Framework,Daniel Jiwoong Im; Sungjin Ahn; R. Memisevic; Yoshua Bengio,AAAI Conference on Artificial Intelligence,2015,229,27,13,10.1609/aaai.v31i1.10777,https://www.semanticscholar.org/paper/2c411e28ba58c1e1c33419e5fd70f7174a80717e
3b9484449d77317ca1cb6a6c44c50c99879a8f0e,Using Recurrent Neural Networks for Slot Filling in Spoken Language Understanding,Grégoire Mesnil; Yann Dauphin; K. Yao; Yoshua Bengio; L. Deng; Dilek Z. Hakkani-Tür; Xiaodong He; Larry Heck; Gokhan Tur; Dong Yu; G. Zweig,IEEE/ACM Transactions on Audio Speech and Language Processing,2015,588,76,40,10.1109/TASLP.2014.2383614,https://www.semanticscholar.org/paper/3b9484449d77317ca1cb6a6c44c50c99879a8f0e
4078c37c39dc5c7c65a5494651ba6dd443cf9269,Empirical performance upper bounds for image and video captioning,L. Yao; Nicolas Ballas; Kyunghyun Cho; John R. Smith; Yoshua Bengio,,2015,5,46,0,,https://www.semanticscholar.org/paper/4078c37c39dc5c7c65a5494651ba6dd443cf9269
441ff323c92331e655ce9ff896773fc00b55089a,Brain tumor segmentation with Deep Neural Networks,Mohammad Havaei; Axel Davy; David Warde-Farley; A. Biard; Aaron C. Courville; Yoshua Bengio; C. Pal; Pierre-Marc Jodoin; H. Larochelle,Medical Image Anal.,2015,3162,52,113,10.1016/j.media.2016.05.004,https://www.semanticscholar.org/paper/441ff323c92331e655ce9ff896773fc00b55089a
4d8f2d14af5991d4f0d050d22216825cac3157bd,"Show, Attend and Tell: Neural Image Caption Generation with Visual Attention",Ke Xu; Jimmy Ba; Ryan Kiros; Kyunghyun Cho; Aaron C. Courville; R. Salakhutdinov; R. Zemel; Yoshua Bengio,International Conference on Machine Learning,2015,10919,55,823,,https://www.semanticscholar.org/paper/4d8f2d14af5991d4f0d050d22216825cac3157bd
4dca3e4bea5fda7b8bc615d486e0f4c57d2b9fa4,Training opposing directed models using geometric mean matching,J. Bornschein; S. Shabanian; Asja Fischer; Yoshua Bengio,arXiv.org,2015,2,22,0,,https://www.semanticscholar.org/paper/4dca3e4bea5fda7b8bc615d486e0f4c57d2b9fa4
59b81ff81da55efc724c84ddc9d3ffd8e57a8d0e,Blocks and Fuel: Frameworks for deep learning,B. V. Merrienboer; Dzmitry Bahdanau; Vincent Dumoulin; Dmitriy Serdyuk; David Warde-Farley; J. Chorowski; Yoshua Bengio,arXiv.org,2015,189,9,4,,https://www.semanticscholar.org/paper/59b81ff81da55efc724c84ddc9d3ffd8e57a8d0e
5fcd41ca42659ff792fc8ee7d535156e8e69f987,On Using Monolingual Corpora in Neural Machine Translation,Çaglar Gülçehre; Orhan Firat; Kelvin Xu; Kyunghyun Cho; Loïc Barrault; Huei-Chi Lin; Fethi Bougares; Holger Schwenk; Yoshua Bengio,arXiv.org,2015,595,33,49,,https://www.semanticscholar.org/paper/5fcd41ca42659ff792fc8ee7d535156e8e69f987
654a3e53fb41d8168798ee0ee61dfab73739b1ed,Describing Multimedia Content Using Attention-Based Encoder-Decoder Networks,Kyunghyun Cho; Aaron C. Courville; Yoshua Bengio,IEEE transactions on multimedia,2015,443,78,14,10.1109/TMM.2015.2477044,https://www.semanticscholar.org/paper/654a3e53fb41d8168798ee0ee61dfab73739b1ed
67c191bcce6821f736798cb9b31472bcdd1e52a6,Neural Networks with Few Multiplications,Zhouhan Lin; Matthieu Courbariaux; R. Memisevic; Yoshua Bengio,International Conference on Learning Representations,2015,348,21,23,,https://www.semanticscholar.org/paper/67c191bcce6821f736798cb9b31472bcdd1e52a6
71bb19dfc671eec57ca7aa7b243640dae47f5203,STDP as presynaptic activity times rate of change of postsynaptic activity,Yoshua Bengio; Thomas Mesnard; Asja Fischer; Saizheng Zhang; Yuhuai Wu,,2015,49,19,6,,https://www.semanticscholar.org/paper/71bb19dfc671eec57ca7aa7b243640dae47f5203
7654ed26f0c3ce38953d5c595105d3380bd09ccb,ReSeg: A Recurrent Neural Network for Object Segmentation,Francesco Visin; Kyle Kastner; Aaron C. Courville; Yoshua Bengio; M. Matteucci; Kyunghyun Cho,arXiv.org,2015,39,69,2,,https://www.semanticscholar.org/paper/7654ed26f0c3ce38953d5c595105d3380bd09ccb
7df22e88a86d7e7e914a9cf3ad5b8fbd62b35cb8,Hierarchical Neural Network Generative Models for Movie Dialogues,Iulian Serban; Alessandro Sordoni; Yoshua Bengio; Aaron C. Courville; Joelle Pineau,arXiv.org,2015,195,46,16,,https://www.semanticscholar.org/paper/7df22e88a86d7e7e914a9cf3ad5b8fbd62b35cb8
7e463877264e70d53c844cf4b1bf3b15baec8cfb,ReNet: A Recurrent Neural Network Based Alternative to Convolutional Networks,Francesco Visin; Kyle Kastner; Kyunghyun Cho; M. Matteucci; Aaron C. Courville; Yoshua Bengio,arXiv.org,2015,282,59,33,,https://www.semanticscholar.org/paper/7e463877264e70d53c844cf4b1bf3b15baec8cfb
878ba5458e9e51f0b341fd9117fa0b43ef4096d3,End-to-end attention-based large vocabulary speech recognition,Dzmitry Bahdanau; J. Chorowski; Dmitriy Serdyuk; Philemon Brakel; Yoshua Bengio,"IEEE International Conference on Acoustics, Speech, and Signal Processing",2015,1212,35,69,10.1109/ICASSP.2016.7472618,https://www.semanticscholar.org/paper/878ba5458e9e51f0b341fd9117fa0b43ef4096d3
925b7d196fe0f6c52dddd3f18c146d2260cc8e80,Target Propagation,Dong-Hyun Lee; Saizheng Zhang; A. Biard; Yoshua Bengio,International Conference on Learning Representations,2015,27,0,3,,https://www.semanticscholar.org/paper/925b7d196fe0f6c52dddd3f18c146d2260cc8e80
94618b949f8f18a18f7289dc742162996d376433,GSNs : Generative Stochastic Networks,Guillaume Alain; Yoshua Bengio; L. Yao; J. Yosinski; Eric Thibodeau-Laufer; Saizheng Zhang; P. Vincent,arXiv.org,2015,50,68,2,10.1093/IMAIAI/IAW003,https://www.semanticscholar.org/paper/94618b949f8f18a18f7289dc742162996d376433
9d128308d66c912958321dcf18a3cbf83a600734,SCANNING THE ISSUE Big Data : Theoretical Aspects,Stephen T Wright; Yoshua Bengio,,2015,0,0,0,,https://www.semanticscholar.org/paper/9d128308d66c912958321dcf18a3cbf83a600734
a3ab782bec5b395df9d8f71f5fef7e9c82a8bc79,An objective function for STDP,Yoshua Bengio; Thomas Mesnard; Asja Fischer; Saizheng Zhang; Yuhai Wu,arXiv.org,2015,14,22,2,,https://www.semanticscholar.org/paper/a3ab782bec5b395df9d8f71f5fef7e9c82a8bc79
a5733ff08daff727af834345b9cfff1d0aa109ec,BinaryConnect: Training Deep Neural Networks with binary weights during propagations,Matthieu Courbariaux; Yoshua Bengio; J. David,Neural Information Processing Systems,2015,3268,47,318,,https://www.semanticscholar.org/paper/a5733ff08daff727af834345b9cfff1d0aa109ec
b111e970ea6a4cea933a135e580a7a449338756b,Artificial Neural Networks Applied to Taxi Destination Prediction,A. D. Brébisson; Étienne Simon; Alex Auvolat; P. Vincent; Yoshua Bengio,DC@PKDD/ECML,2015,197,16,26,,https://www.semanticscholar.org/paper/b111e970ea6a4cea933a135e580a7a449338756b
b3e11af71552d39070dd9183acb8b8171bc22b38,A Hierarchical Recurrent Encoder-Decoder for Generative Context-Aware Query Suggestion,Alessandro Sordoni; Yoshua Bengio; H. Vahabi; C. Lioma; Jakob Grue Simonsen; J. Nie,International Conference on Information and Knowledge Management,2015,575,46,78,10.1145/2806416.2806493,https://www.semanticscholar.org/paper/b3e11af71552d39070dd9183acb8b8171bc22b38
b624504240fa52ab76167acfe3156150ca01cf3b,Attention-Based Models for Speech Recognition,J. Chorowski; Dzmitry Bahdanau; Dmitriy Serdyuk; Kyunghyun Cho; Yoshua Bengio,Neural Information Processing Systems,2015,2778,34,135,,https://www.semanticscholar.org/paper/b624504240fa52ab76167acfe3156150ca01cf3b
be38b06e010b500f8ac137432ade82d0028dd233,Variance Reduction in SGD by Distributed Importance Sampling,Guillaume Alain; Alex Lamb; Chinnadhurai Sankar; Aaron C. Courville; Yoshua Bengio,arXiv.org,2015,229,20,26,,https://www.semanticscholar.org/paper/be38b06e010b500f8ac137432ade82d0028dd233
bed43f7328b51590433dead30116ba1ff5fb7602,From STDP towards Biologically Plausible Deep Learning,Yoshua Bengio; Asja Fischer; Thomas Mesnard; Saizheng Zhang; Yuhai Wu,,2015,5,20,0,,https://www.semanticscholar.org/paper/bed43f7328b51590433dead30116ba1ff5fb7602
c1088267b10e19d565865c2dcf0bc0f94696bf2e,Learning to Understand Phrases by Embedding the Dictionary,Felix Hill; Kyunghyun Cho; A. Korhonen; Yoshua Bengio,Transactions of the Association for Computational Linguistics,2015,203,35,36,10.1162/tacl_a_00080,https://www.semanticscholar.org/paper/c1088267b10e19d565865c2dcf0bc0f94696bf2e
c5c3f64dea0971bd4babf017b6ce82115ea9e31e,Bidirectional Helmholtz Machines,J. Bornschein; S. Shabanian; Asja Fischer; Yoshua Bengio,International Conference on Machine Learning,2015,26,106,4,,https://www.semanticscholar.org/paper/c5c3f64dea0971bd4babf017b6ce82115ea9e31e
c6bf345be24d58a7e0c5d0510abac948a3a66da7,Document Analysis with Transducers,L. Bottou; Yoshua Bengio; Y. Cun,,2015,2,13,1,,https://www.semanticscholar.org/paper/c6bf345be24d58a7e0c5d0510abac948a3a66da7
d14c7e5f5cace4c925abc74c88baa474e9f31a28,Gated Feedback Recurrent Neural Networks,Junyoung Chung; Çaglar Gülçehre; Kyunghyun Cho; Yoshua Bengio,International Conference on Machine Learning,2015,904,34,86,,https://www.semanticscholar.org/paper/d14c7e5f5cace4c925abc74c88baa474e9f31a28
e14bac39e8b833136487accc292cc03c0ed85b7f,Editorial introduction to the Neural Networks special issue on Deep Learning of Representations,Yoshua Bengio; Honglak Lee,Neural Networks,2015,42,33,0,10.1016/j.neunet.2014.12.006,https://www.semanticscholar.org/paper/e14bac39e8b833136487accc292cc03c0ed85b7f
e2449e7a57f3f18ef58203c155ead421b5c72850,ReSeg: A Recurrent Neural Network-Based Model for Semantic Segmentation,Francesco Visin; Adriana Romero; Kyunghyun Cho; M. Matteucci; Marco Ciccone; Kyle Kastner; Yoshua Bengio; Aaron C. Courville,2016 IEEE Conference on Computer Vision and Pattern Recognition Workshops (CVPRW),2015,267,73,14,10.1109/CVPRW.2016.60,https://www.semanticscholar.org/paper/e2449e7a57f3f18ef58203c155ead421b5c72850
e290dc2967b3b5bbf0b4cbb0c3866ff1680aecf7,IAPR keynote lecture IV: Deep learning,Yoshua Bengio,Asian Conference on Pattern Recognition,2015,0,0,0,10.1109/ACPR.2015.7486451,https://www.semanticscholar.org/paper/e290dc2967b3b5bbf0b4cbb0c3866ff1680aecf7
e60b4d78ae6e2dde3b76e4ec07bee3cb3ea1f956,Early Inference in Energy-Based Models Approximates Back-Propagation,Yoshua Bengio,arXiv.org,2015,50,20,3,,https://www.semanticscholar.org/paper/e60b4d78ae6e2dde3b76e4ec07bee3cb3ea1f956
e70dc6ad191734e60c0b2d98e434a13e807ccbc6,Blocks and Fuel,Bart van Merriënboer; J. Chorowski; Dmitriy Serdyuk; Yoshua Bengio; D. Bogdanov; Vincent Dumoulin; David Warde-Farley,,2015,3,0,0,10.5281/ZENODO.17721,https://www.semanticscholar.org/paper/e70dc6ad191734e60c0b2d98e434a13e807ccbc6
e97f10c2a4d7edac33597692e6dc243bd86adf10,Trainable performance upper bounds for image and video captioning,L. Yao; Nicolas Ballas; Kyunghyun Cho; John R. Smith; Yoshua Bengio,arXiv.org,2015,4,48,0,,https://www.semanticscholar.org/paper/e97f10c2a4d7edac33597692e6dc243bd86adf10
e9c771197a6564762754e48c1daafb066f449f2e,Unitary Evolution Recurrent Neural Networks,Martín Arjovsky; Amar Shah; Yoshua Bengio,International Conference on Machine Learning,2015,925,29,124,,https://www.semanticscholar.org/paper/e9c771197a6564762754e48c1daafb066f449f2e
f1e4903cea890a0edc725add3067dc9c7cec1efd,Training Bidirectional Helmholtz Machines,J. Bornschein; S. Shabanian; Asja Fischer; Yoshua Bengio,,2015,2,27,0,,https://www.semanticscholar.org/paper/f1e4903cea890a0edc725add3067dc9c7cec1efd
f95adc1d8daaa07a0c956826ec274ca9e2515ddc,Batch normalized recurrent neural networks,César Laurent; Gabriel Pereyra; Philemon Brakel; Y. Zhang; Yoshua Bengio,"IEEE International Conference on Acoustics, Speech, and Signal Processing",2015,224,24,11,10.1109/ICASSP.2016.7472159,https://www.semanticscholar.org/paper/f95adc1d8daaa07a0c956826ec274ca9e2515ddc
081651b38ff7533550a3adfc1c00da333a8fe86c,How transferable are features in deep neural networks?,J. Yosinski; J. Clune; Yoshua Bengio; Hod Lipson,Neural Information Processing Systems,2014,9486,18,464,,https://www.semanticscholar.org/paper/081651b38ff7533550a3adfc1c00da333a8fe86c
0b544dfe355a5070b60986319a3f51fb45d1348e,Learning Phrase Representations using RNN Encoder–Decoder for Statistical Machine Translation,Kyunghyun Cho; B. V. Merrienboer; Çaglar Gülçehre; Dzmitry Bahdanau; Fethi Bougares; Holger Schwenk; Yoshua Bengio,Conference on Empirical Methods in Natural Language Processing,2014,27395,33,3170,10.3115/v1/D14-1179,https://www.semanticscholar.org/paper/0b544dfe355a5070b60986319a3f51fb45d1348e
0b77d8ac8297ec79ea9f6091c882ca155a262adf,Supplementary material for : How transferable are features in deep neural networks ?,J. Yosinski; J. Clune; Yoshua Bengio; Hod Lipson,,2014,2,7,0,,https://www.semanticscholar.org/paper/0b77d8ac8297ec79ea9f6091c882ca155a262adf
1230423dd04e788ba991f215e3553cd9fd063a0d,Supplemental Material for : Deep Generative Stochastic Networks Trainable by Backprop,Yoshua Bengio; J. Yosinski,,2014,0,3,0,,https://www.semanticscholar.org/paper/1230423dd04e788ba991f215e3553cd9fd063a0d
135c89b491f82bd4fd7de175ac778207f598342b,Not All Neural Embeddings are Born Equal,Felix Hill; Kyunghyun Cho; Sébastien Jean; Coline Devin; Yoshua Bengio,arXiv.org,2014,52,17,2,,https://www.semanticscholar.org/paper/135c89b491f82bd4fd7de175ac778207f598342b
18758118e78ca7f908021c55196fcba12dbb6283,The Spike-and-Slab RBM and Extensions to Discrete and Sparse Data Distributions,Aaron C. Courville; Guillaume Desjardins; J. Bergstra; Yoshua Bengio,IEEE Transactions on Pattern Analysis and Machine Intelligence,2014,26,51,1,10.1109/TPAMI.2013.238,https://www.semanticscholar.org/paper/18758118e78ca7f908021c55196fcba12dbb6283
1938624bb9b0f999536dcc8d8f519810bb4e1b3b,On Using Very Large Target Vocabulary for Neural Machine Translation,Sébastien Jean; Kyunghyun Cho; R. Memisevic; Yoshua Bengio,Annual Meeting of the Association for Computational Linguistics,2014,1043,22,71,10.3115/v1/P15-1001,https://www.semanticscholar.org/paper/1938624bb9b0f999536dcc8d8f519810bb4e1b3b
1b82d54e9a3b06c603d7987ba3ecf437425f6330,Training deep neural networks with low precision multiplications,Matthieu Courbariaux; Yoshua Bengio; J. David,,2014,609,34,34,,https://www.semanticscholar.org/paper/1b82d54e9a3b06c603d7987ba3ecf437425f6330
1eb09fecd75eb27825dce4f964b97f4f5cc399d7,On the Properties of Neural Machine Translation: Encoder–Decoder Approaches,Kyunghyun Cho; B. V. Merrienboer; Dzmitry Bahdanau; Yoshua Bengio,SSST@EMNLP,2014,7617,15,914,10.3115/v1/W14-4012,https://www.semanticscholar.org/paper/1eb09fecd75eb27825dce4f964b97f4f5cc399d7
35254a19bac666c291646e3640014bf0bb2ce11b,Embedding Word Similarity with Neural Machine Translation,Felix Hill; Kyunghyun Cho; Sébastien Jean; Coline Devin; Yoshua Bengio,International Conference on Learning Representations,2014,64,39,6,,https://www.semanticscholar.org/paper/35254a19bac666c291646e3640014bf0bb2ce11b
47d2dc34e1d02a8109f5c04bb6939725de23716d,End-to-end Continuous Speech Recognition using Attention-based Recurrent NN: First Results,J. Chorowski; Dzmitry Bahdanau; Kyunghyun Cho; Yoshua Bengio,arXiv.org,2014,489,26,24,,https://www.semanticscholar.org/paper/47d2dc34e1d02a8109f5c04bb6939725de23716d
53c887433e4d1b4b7ef78cc8a17bdffcabef40f1,Deep learning and cultural evolution,Yoshua Bengio,Annual Conference on Genetic and Evolutionary Computation,2014,9,0,1,10.1145/2598394.2598395,https://www.semanticscholar.org/paper/53c887433e4d1b4b7ef78cc8a17bdffcabef40f1
54e840c8973db7665a6388b2d992ef08ed7f0260,Ensemble of Generative and Discriminative Techniques for Sentiment Analysis of Movie Reviews,Grégoire Mesnil; Tomas Mikolov; M. Ranzato; Yoshua Bengio,International Conference on Learning Representations,2014,145,10,16,,https://www.semanticscholar.org/paper/54e840c8973db7665a6388b2d992ef08ed7f0260
55af73c07f50da391e63f07646ff02ddc9fe8725,Evolving Culture Versus Local Minima,Yoshua Bengio,Growing Adaptive Machines,2014,43,49,2,10.1007/978-3-642-55337-0_3,https://www.semanticscholar.org/paper/55af73c07f50da391e63f07646ff02ddc9fe8725
6122c95ac6475e965bf4e120f7a588d29bb00ecc,Overcoming the Curse of Sentence Length for Neural Machine Translation using Automatic Segmentation,Jean Pouget-Abadie; Dzmitry Bahdanau; B. V. Merrienboer; Kyunghyun Cho; Yoshua Bengio,SSST@EMNLP,2014,84,13,3,10.3115/v1/W14-4009,https://www.semanticscholar.org/paper/6122c95ac6475e965bf4e120f7a588d29bb00ecc
6d492608a3af872eff0e6bf0a441192472f7eb26,Learning semantic representations of objects and their parts,Grégoire Mesnil; Antoine Bordes; J. Weston; Gal Chechik; Yoshua Bengio,Machine-mediated learning,2014,15,42,1,10.1007/s10994-013-5336-9,https://www.semanticscholar.org/paper/6d492608a3af872eff0e6bf0a441192472f7eb26
7a24ec97e7f2881e245d20c46a56cbbfc734a4ff,Reweighted Wake-Sleep,J. Bornschein; Yoshua Bengio,International Conference on Learning Representations,2014,202,23,31,,https://www.semanticscholar.org/paper/7a24ec97e7f2881e245d20c46a56cbbfc734a4ff
7c1cdcbdd30163f3d7fd9789e42c4a37eb2f7f04,Learning Concept Embeddings for Query Expansion by Quantum Entropy Minimization,Alessandro Sordoni; Yoshua Bengio; Jian-Yun Nie,AAAI Conference on Artificial Intelligence,2014,50,29,4,10.1609/aaai.v28i1.8933,https://www.semanticscholar.org/paper/7c1cdcbdd30163f3d7fd9789e42c4a37eb2f7f04
7dbf015c2ca576d340b5fa2626c70bb037198645,How Auto-Encoders Could Provide Credit Assignment in Deep Networks via Target Propagation,Yoshua Bengio,arXiv.org,2014,219,64,20,,https://www.semanticscholar.org/paper/7dbf015c2ca576d340b5fa2626c70bb037198645
851c27d7cdb74b0b21bd84a9333bca106f486713,Low precision storage for deep learning,Matthieu Courbariaux; Yoshua Bengio; J. David,,2014,51,27,4,,https://www.semanticscholar.org/paper/851c27d7cdb74b0b21bd84a9333bca106f486713
8604f376633af8b347e31d84c6150a93b11e34c2,FitNets: Hints for Thin Deep Nets,Adriana Romero; Nicolas Ballas; Samira Ebrahimi Kahou; Antoine Chassang; C. Gatta; Yoshua Bengio,International Conference on Learning Representations,2014,4892,38,523,,https://www.semanticscholar.org/paper/8604f376633af8b347e31d84c6150a93b11e34c2
8710635f1b6acceaeec1bd3422b9120a54df9dab,On the saddle point problem for non-convex optimization,Razvan Pascanu; Yann Dauphin; S. Ganguli; Yoshua Bengio,arXiv.org,2014,117,20,4,,https://www.semanticscholar.org/paper/8710635f1b6acceaeec1bd3422b9120a54df9dab
92baee63a8762a636a1fa4082b85a490b8f3b4ec,Deep Tempering,Guillaume Desjardins; Heng Luo; Aaron C. Courville; Yoshua Bengio,arXiv.org,2014,10,14,1,,https://www.semanticscholar.org/paper/92baee63a8762a636a1fa4082b85a490b8f3b4ec
981ce6b655cc06416ff6bf7fac8c6c2076fd7fac,Identifying and attacking the saddle point problem in high-dimensional non-convex optimization,Yann Dauphin; Razvan Pascanu; Çaglar Gülçehre; Kyunghyun Cho; S. Ganguli; Yoshua Bengio,Neural Information Processing Systems,2014,1556,30,87,,https://www.semanticscholar.org/paper/981ce6b655cc06416ff6bf7fac8c6c2076fd7fac
ac3ee98020251797c2b401e1389461df88e52e62,Empirical Evaluation of Gated Recurrent Neural Networks on Sequence Modeling,Junyoung Chung; Çaglar Gülçehre; Kyunghyun Cho; Yoshua Bengio,arXiv.org,2014,15061,20,1588,,https://www.semanticscholar.org/paper/ac3ee98020251797c2b401e1389461df88e52e62
b034b5769ab94acf9fb8ae48c7edb560a300bb63,On the Number of Linear Regions of Deep Neural Networks,Guido Montúfar; Razvan Pascanu; Kyunghyun Cho; Yoshua Bengio,Neural Information Processing Systems,2014,1433,22,108,,https://www.semanticscholar.org/paper/b034b5769ab94acf9fb8ae48c7edb560a300bb63
b3ccb7fff54b2b328945fcbe465931193ceecf62,Deep Directed Generative Autoencoders,Sherjil Ozair; Yoshua Bengio,arXiv.org,2014,19,20,0,,https://www.semanticscholar.org/paper/b3ccb7fff54b2b328945fcbe465931193ceecf62
b948c3dc682f176610659f2604f86ee6a6096bbe,ADASECANT: Robust Adaptive Secant Method for Stochastic Gradient,Çaglar Gülçehre; Yoshua Bengio,arXiv.org,2014,21,17,3,,https://www.semanticscholar.org/paper/b948c3dc682f176610659f2604f86ee6a6096bbe
c09acaa24088d28a961b8c3759237c24b50ef716,Difference Target Propagation,Dong-Hyun Lee; Saizheng Zhang; Asja Fischer; Yoshua Bengio,ECML/PKDD,2014,433,30,37,10.1007/978-3-319-23528-8_31,https://www.semanticscholar.org/paper/c09acaa24088d28a961b8c3759237c24b50ef716
c175081733d98e63fa68a70405a35804c318afc5,Iterative Neural Autoregressive Distribution Estimator NADE-k,T. Raiko; L. Yao; Kyunghyun Cho; Yoshua Bengio,Neural Information Processing Systems,2014,42,21,3,,https://www.semanticscholar.org/paper/c175081733d98e63fa68a70405a35804c318afc5
c2f40e552f187be602e4c595a257c01b57220ee1,Scaling up deep learning,Yoshua Bengio,Knowledge Discovery and Data Mining,2014,11,0,1,10.1145/2623330.2630802,https://www.semanticscholar.org/paper/c2f40e552f187be602e4c595a257c01b57220ee1
c6f002b73ffe647ef0effd17c9bfbd5cd7adac7d,Exponentially Increasing the Capacity-to-Computation Ratio for Conditional Computation in Deep Learning,Kyunghyun Cho; Yoshua Bengio,arXiv.org,2014,44,29,1,,https://www.semanticscholar.org/paper/c6f002b73ffe647ef0effd17c9bfbd5cd7adac7d
d8c35c2c39fdd2ec6af37ddc8c51deb396aefef8,Low precision arithmetic for deep learning,Matthieu Courbariaux; Yoshua Bengio; J. David,International Conference on Learning Representations,2014,175,0,13,,https://www.semanticscholar.org/paper/d8c35c2c39fdd2ec6af37ddc8c51deb396aefef8
dc8301b67f98accbb331190dd7bd987952a692af,NICE: Non-linear Independent Components Estimation,Laurent Dinh; David Krueger; Yoshua Bengio,International Conference on Learning Representations,2014,2676,35,296,,https://www.semanticscholar.org/paper/dc8301b67f98accbb331190dd7bd987952a692af
dcb75b83cfeaddc6e0a596b9d9761c63935ef013,Marginalized Denoising Auto-encoders for Nonlinear Representations,Minmin Chen; Kilian Q. Weinberger; F. Sha; Yoshua Bengio,International Conference on Machine Learning,2014,144,34,14,,https://www.semanticscholar.org/paper/dcb75b83cfeaddc6e0a596b9d9761c63935ef013
fa1213960a755fcc5efab9e07d57dcccc0dc6edc,On the Equivalence between Deep NADE and Generative Stochastic Networks,L. Yao; Sherjil Ozair; Kyunghyun Cho; Yoshua Bengio,ECML/PKDD,2014,9,28,3,10.1007/978-3-662-44845-8_21,https://www.semanticscholar.org/paper/fa1213960a755fcc5efab9e07d57dcccc0dc6edc
fa72afa9b2cbc8f0d7b05d52548906610ffbb9c5,Neural Machine Translation by Jointly Learning to Align and Translate,Dzmitry Bahdanau; Kyunghyun Cho; Yoshua Bengio,International Conference on Learning Representations,2014,29984,33,2616,,https://www.semanticscholar.org/paper/fa72afa9b2cbc8f0d7b05d52548906610ffbb9c5
fc303b3b0be5b476ae5f3d8414b685e91d0378c6,BilBOWA: Fast Bilingual Distributed Representations without Word Alignments,Stephan Gouws; Yoshua Bengio; G. Corrado,International Conference on Machine Learning,2014,396,25,58,,https://www.semanticscholar.org/paper/fc303b3b0be5b476ae5f3d8414b685e91d0378c6
03f34688ef4ee4239464633784235387e9bff4bb,Deep Learning of Representations,Yoshua Bengio; Aaron C. Courville,Handbook on Neural Information Processing,2013,79,167,3,10.1007/978-3-642-36657-4_1,https://www.semanticscholar.org/paper/03f34688ef4ee4239464633784235387e9bff4bb
0407b605b8f55db72e2545586bfe8e946b691b70,An Empirical Investigation of Catastrophic Forgeting in Gradient-Based Neural Networks,I. Goodfellow; Mehdi Mirza; Xia Da; Aaron C. Courville; Yoshua Bengio,International Conference on Learning Representations,2013,1695,19,102,,https://www.semanticscholar.org/paper/0407b605b8f55db72e2545586bfe8e946b691b70
0c81b05a6e0cf7063f02a24cf2862232eac2a740,Unsupervised and Transfer Learning under Uncertainty - From Object Detections to Scene Categorization,Grégoire Mesnil; Salah Rifai; Antoine Bordes; Xavier Glorot; Yoshua Bengio; P. Vincent,International Conference on Pattern Recognition Applications and Methods,2013,11,42,0,10.5220/0004227803450354,https://www.semanticscholar.org/paper/0c81b05a6e0cf7063f02a24cf2862232eac2a740
10a6f02f4f62ee582481f2a8e0d82bf3deb28602,Stacked calibration of off-policy policy evaluation for video game matchmaking,Eric Thibodeau-Laufer; Raul Chandias Ferrari; Li Yao; Olivier Delalleau; Yoshua Bengio,IEEE Conference on Computational Intelligence and Games,2013,0,43,0,10.1109/CIG.2013.6633642,https://www.semanticscholar.org/paper/10a6f02f4f62ee582481f2a8e0d82bf3deb28602
1b3aab4ff8f77b81501f271877321609cc1a1a2b,Learned-Norm Pooling for Deep Feedforward and Recurrent Neural Networks,Çaglar Gülçehre; Kyunghyun Cho; Razvan Pascanu; Yoshua Bengio,ECML/PKDD,2013,185,46,12,10.1007/978-3-662-44848-9_34,https://www.semanticscholar.org/paper/1b3aab4ff8f77b81501f271877321609cc1a1a2b
2064c2a33eb0b4c8acd23fd60b98c12d6c1ad61e,On the Challenges of Physical Implementations of RBMs,Vincent Dumoulin; I. Goodfellow; Aaron C. Courville; Yoshua Bengio,AAAI Conference on Artificial Intelligence,2013,61,22,2,10.1609/aaai.v28i1.8924,https://www.semanticscholar.org/paper/2064c2a33eb0b4c8acd23fd60b98c12d6c1ad61e
25cab9f7ad4f205d8502edb580734b2abe5f2e39,Multimodal Transitions for Generative Stochastic Networks,Sherjil Ozair; L. Yao; Yoshua Bengio,International Conference on Learning Representations,2013,11,33,0,,https://www.semanticscholar.org/paper/25cab9f7ad4f205d8502edb580734b2abe5f2e39
2f7ad26514bce4df6c8ebc42c90383ef3a974df4,Pylearn2: a machine learning research library,I. Goodfellow; David Warde-Farley; Pascal Lamblin; Vincent Dumoulin; Mehdi Mirza; Razvan Pascanu; J. Bergstra; Frédéric Bastien; Yoshua Bengio,arXiv.org,2013,305,56,13,,https://www.semanticscholar.org/paper/2f7ad26514bce4df6c8ebc42c90383ef3a974df4
306c7cd74beda5a09662b5f289bba50a2b5ea308,Big Neural Networks Waste Capacity,Yann Dauphin; Yoshua Bengio,International Conference on Learning Representations,2013,87,17,3,,https://www.semanticscholar.org/paper/306c7cd74beda5a09662b5f289bba50a2b5ea308
3832057ac487f43e885cdb485a6ca1462834bb8d,Estimating or Propagating Gradients Through Stochastic Neurons,Yoshua Bengio,arXiv.org,2013,132,18,11,,https://www.semanticscholar.org/paper/3832057ac487f43e885cdb485a6ca1462834bb8d
415a0c1637dca3292298ecd68710edeb6719c775,Learning deep physiological models of affect,H. P. Martínez; Yoshua Bengio; Georgios N. Yannakakis,IEEE Computational Intelligence Magazine,2013,263,75,16,10.1109/MCI.2013.2247823,https://www.semanticscholar.org/paper/415a0c1637dca3292298ecd68710edeb6719c775
41f50d08e4c237d0f192f5c09f78d7e1d09d9cef,Scaling Up Spike-and-Slab Models for Unsupervised Feature Learning,I. Goodfellow; Aaron C. Courville; Yoshua Bengio,IEEE Transactions on Pattern Analysis and Machine Intelligence,2013,35,43,2,10.1109/TPAMI.2012.273,https://www.semanticscholar.org/paper/41f50d08e4c237d0f192f5c09f78d7e1d09d9cef
4d9c11f792b98a69f5ccd3a53031b8ea6359820b,Combining modality specific deep neural networks for emotion recognition in video,Samira Ebrahimi Kahou; C. Pal; Xavier Bouthillier; Pierre Froumenty; Çaglar Gülçehre; R. Memisevic; Pascal Vincent; Aaron C. Courville; Yoshua Bengio; Raul Chandias Ferrari; Mehdi Mirza; Sébastien Jean; P. Carrier; Yann Dauphin; Nicolas Boulanger-Lewandowski; Abhishek Aggarwal; Jeremie Zumer; Pascal Lamblin; Jean-Philippe Raymond; Guillaume Desjardins; Razvan Pascanu; David Warde-Farley; Atousa Torabi; Arjun Sharma; Emmanuel Bengio; K. Konda; Zhenzhou Wu,International Conference on Multimodal Interaction,2013,399,22,16,10.1145/2522848.2531745,https://www.semanticscholar.org/paper/4d9c11f792b98a69f5ccd3a53031b8ea6359820b
523b12db4004b89284387f978c2af8ae0e79d54b,Knowledge Matters: Importance of Prior Information for Optimization,Çaglar Gülçehre; Yoshua Bengio,Journal of machine learning research,2013,173,71,11,,https://www.semanticscholar.org/paper/523b12db4004b89284387f978c2af8ae0e79d54b
533ee188324b833e059cb59b654e6160776d5812,How to Construct Deep Recurrent Neural Networks,Razvan Pascanu; Çaglar Gülçehre; Kyunghyun Cho; Yoshua Bengio,International Conference on Learning Representations,2013,1087,48,74,,https://www.semanticscholar.org/paper/533ee188324b833e059cb59b654e6160776d5812
5656fa5aa6e1beeb98703fc53ec112ad227c49ca,Multi-Prediction Deep Boltzmann Machines,I. Goodfellow; Mehdi Mirza; Aaron C. Courville; Yoshua Bengio,Neural Information Processing Systems,2013,140,25,17,,https://www.semanticscholar.org/paper/5656fa5aa6e1beeb98703fc53ec112ad227c49ca
5936aea6a42492529cc9ee5271fcd3ae2cbacaf2,Deep Learning for NLP (without Magic),R. Socher; Yoshua Bengio; Christopher D. Manning,North American Chapter of the Association for Computational Linguistics,2013,181,2,9,,https://www.semanticscholar.org/paper/5936aea6a42492529cc9ee5271fcd3ae2cbacaf2
5ba578d8f82ec99459df675537d393778a7b1992,Bounding the Test Log-Likelihood of Generative Models,Yoshua Bengio; L. Yao,International Conference on Learning Representations,2013,23,20,4,,https://www.semanticscholar.org/paper/5ba578d8f82ec99459df675537d393778a7b1992
5ffa8bf1bf3e39227be28de4ff6915d3b21eb52d,Deep Generative Stochastic Networks Trainable by Backprop,Yoshua Bengio; Eric Thibodeau-Laufer; Guillaume Alain; J. Yosinski,International Conference on Machine Learning,2013,401,41,30,,https://www.semanticscholar.org/paper/5ffa8bf1bf3e39227be28de4ff6915d3b21eb52d
62c76ca0b2790c34e85ba1cce09d47be317c7235,Estimating or Propagating Gradients Through Stochastic Neurons for Conditional Computation,Yoshua Bengio; Nicholas Léonard; Aaron C. Courville,arXiv.org,2013,4165,20,374,,https://www.semanticscholar.org/paper/62c76ca0b2790c34e85ba1cce09d47be317c7235
6c902b2076a948ad994a542bb9c93e1a6513fc40,Learned-norm pooling for deep neural networks,Çaglar Gülçehre; Kyunghyun Cho; Razvan Pascanu; Yoshua Bengio,arXiv.org,2013,12,14,1,,https://www.semanticscholar.org/paper/6c902b2076a948ad994a542bb9c93e1a6513fc40
6ca1898dac153b8cd500c0c2633675b05d3c638c,An empirical analysis of dropout in piecewise linear networks,David Warde-Farley; I. Goodfellow; Aaron C. Courville; Yoshua Bengio,International Conference on Learning Representations,2013,112,24,5,,https://www.semanticscholar.org/paper/6ca1898dac153b8cd500c0c2633675b05d3c638c
72d32c986b47d6b880dad0c3f155fe23d2939038,Deep Learning of Representations: Looking Forward,Yoshua Bengio,International Conference on Statistical Language and Speech Processing,2013,717,167,32,10.1007/978-3-642-39593-2_1,https://www.semanticscholar.org/paper/72d32c986b47d6b880dad0c3f155fe23d2939038
73463ec3391df70d4c38de6a1e963830a85efbe6,Joint Training Deep Boltzmann Machines for Classification,I. Goodfellow; Aaron C. Courville; Yoshua Bengio,International Conference on Learning Representations,2013,25,10,1,,https://www.semanticscholar.org/paper/73463ec3391df70d4c38de6a1e963830a85efbe6
7384e94477c97c9b6673715414de74a66bfe1ba9,Statistical Language and Speech Processing,Yoshua Bengio; Fethi Bougares; H. Cucu; C. Burileanu; Myung-Jae Kim; Il-Ho Yang; J. Rodu; Dean Phillips Foster; Weichen Wu; Stefan Bott; Felix Stahlberg; Luis A. Trindade; Hui Wang,Lecture Notes in Computer Science,2013,1,39,0,10.1007/978-3-642-39593-2,https://www.semanticscholar.org/paper/7384e94477c97c9b6673715414de74a66bfe1ba9
7a646c10185e8a8f2bb211a29a8eaead0969b6f5,Conditioning and time representation in long short-term memory networks,F. Rivest; J. Kalaska; Yoshua Bengio,Biological cybernetics,2013,13,76,0,10.1007/s00422-013-0575-1,https://www.semanticscholar.org/paper/7a646c10185e8a8f2bb211a29a8eaead0969b6f5
7a7a2658df5d66541305962d4c9d43078adadac6,Metric-Free Natural Gradient for Joint-Training of Boltzmann Machines,Guillaume Desjardins; Razvan Pascanu; Aaron C. Courville; Yoshua Bengio,International Conference on Learning Representations,2013,32,20,4,,https://www.semanticscholar.org/paper/7a7a2658df5d66541305962d4c9d43078adadac6
881b151bc29739a6c224f21da13407fd4d02483d,Modeling term dependencies with quantum language models for IR,Alessandro Sordoni; J. Nie; Yoshua Bengio,Annual International ACM SIGIR Conference on Research and Development in Information Retrieval,2013,129,46,23,10.1145/2484028.2484098,https://www.semanticscholar.org/paper/881b151bc29739a6c224f21da13407fd4d02483d
ad74ba538a66eb0ddfaa11c39e9feca595b7b3fc,Estimating Car Insuran e Premia : a Case Study in High-Dimensional,Yoshua Bengio; Charles Dugas,,2013,0,0,0,,https://www.semanticscholar.org/paper/ad74ba538a66eb0ddfaa11c39e9feca595b7b3fc
b7b915d508987b73b61eccd2b237e7ed099a2d29,Maxout Networks,I. Goodfellow; David Warde-Farley; Mehdi Mirza; Aaron C. Courville; Yoshua Bengio,International Conference on Machine Learning,2013,2272,26,238,,https://www.semanticscholar.org/paper/b7b915d508987b73b61eccd2b237e7ed099a2d29
c12fefe264e42e77f1275ce56fb3e905347761a3,On the number of inference regions of deep feed forward networks with piece-wise linear activations,Razvan Pascanu; Guido Montúfar; Yoshua Bengio,International Conference on Learning Representations,2013,84,0,9,,https://www.semanticscholar.org/paper/c12fefe264e42e77f1275ce56fb3e905347761a3
c2eed690292dfb60721c5efd4426e2cd66c869a6,Natural Gradient Revisited,Razvan Pascanu; Yoshua Bengio,International Conference on Learning Representations,2013,18,0,2,,https://www.semanticscholar.org/paper/c2eed690292dfb60721c5efd4426e2cd66c869a6
c782f5a99254725517e5bd526dcc63fb59210589,Investigation of recurrent-neural-network architectures and learning methods for spoken language understanding,Grégoire Mesnil; Xiaodong He; L. Deng; Yoshua Bengio,Interspeech,2013,443,30,33,10.21437/Interspeech.2013-596,https://www.semanticscholar.org/paper/c782f5a99254725517e5bd526dcc63fb59210589
cbdc46f0453fb81aa8582ec19be9b5ddd9371701,Stochastic Ratio Matching of RBMs for Sparse High-Dimensional Inputs,Yann Dauphin; Yoshua Bengio,Neural Information Processing Systems,2013,21,18,3,,https://www.semanticscholar.org/paper/cbdc46f0453fb81aa8582ec19be9b5ddd9371701
d06a2ce22b60b5d806b22bbbc754b4d83d7c82d1,On the number of response regions of deep feed forward networks with piece-wise linear activations,Razvan Pascanu; Guido Montúfar; Yoshua Bengio,,2013,285,21,28,,https://www.semanticscholar.org/paper/d06a2ce22b60b5d806b22bbbc754b4d83d7c82d1
d9704f8119d6ba748230b4f2ad59f0e8c64fdfb0,Generalized Denoising Auto-Encoders as Generative Models,Yoshua Bengio; L. Yao; Guillaume Alain; P. Vincent,Neural Information Processing Systems,2013,601,19,36,,https://www.semanticscholar.org/paper/d9704f8119d6ba748230b4f2ad59f0e8c64fdfb0
db8c3cfaae04a14c1209d62953029b6fa53e23c7,Challenges in representation learning: A report on three machine learning contests,I. Goodfellow; D. Erhan; P. Carrier; Aaron C. Courville; Mehdi Mirza; Benjamin Hamner; William J. Cukierski; Y. Tang; David Thaler; Dong-Hyun Lee; Yingbo Zhou; Chetan Ramaiah; Fangxiang Feng; Ruifan Li; Xiaojie Wang; Dimitris Athanasakis; J. Shawe-Taylor; Maxim Milakov; John Park; Radu Tudor Ionescu; M. Popescu; C. Grozea; J. Bergstra; Jingjing Xie; Lukasz Romaszko; Bing Xu; Chuang Zhang; Yoshua Bengio,Neural Networks,2013,2079,25,262,10.1016/j.neunet.2014.09.005,https://www.semanticscholar.org/paper/db8c3cfaae04a14c1209d62953029b6fa53e23c7
e27d81521dc4e8b6ea93947c05ffccf06784f569,Audio Chord Recognition with Recurrent Neural Networks,Nicolas Boulanger-Lewandowski; Yoshua Bengio; Pascal Vincent,International Society for Music Information Retrieval Conference,2013,189,26,16,,https://www.semanticscholar.org/paper/e27d81521dc4e8b6ea93947c05ffccf06784f569
e39d1345a5aef8a5ee32c0a774de877b903de50c,Unsupervised Learning of Semantics of Object Detections for Scene Categorization,Grégoire Mesnil; Salah Rifai; Antoine Bordes; Xavier Glorot; Yoshua Bengio; P. Vincent,International Conference on Pattern Recognition Applications and Methods,2013,56,42,3,10.1007/978-3-319-12610-4_13,https://www.semanticscholar.org/paper/e39d1345a5aef8a5ee32c0a774de877b903de50c
e8f95ccfd13689f672c39dca3eccf1c484533bcc,Revisiting Natural Gradient for Deep Networks,Razvan Pascanu; Yoshua Bengio,International Conference on Learning Representations,2013,456,43,25,,https://www.semanticscholar.org/paper/e8f95ccfd13689f672c39dca3eccf1c484533bcc
eb6208f3e2c0942e38ceffc443dcf64d2cb4ec82,A semantic matching energy function for learning with multi-relational data,Xavier Glorot; Antoine Bordes; J. Weston; Yoshua Bengio,Machine-mediated learning,2013,738,72,88,10.1007/s10994-013-5363-6,https://www.semanticscholar.org/paper/eb6208f3e2c0942e38ceffc443dcf64d2cb4ec82
ef2bd2abef903295bbd3bd0f7443c7c61f226273,J un 2 01 3 Deep Learning of Representations : Looking Forward,Yoshua Bengio,,2013,1,47,0,,https://www.semanticscholar.org/paper/ef2bd2abef903295bbd3bd0f7443c7c61f226273
07611b97b975cc25a71da246ef622525c2856854,Deep Learning for NLP (without Magic) References,R. Socher; Yoshua Bengio; Christopher D. Manning,,2012,1,61,0,,https://www.semanticscholar.org/paper/07611b97b975cc25a71da246ef622525c2856854
07c43a3ff15f2104022f2b1ca8ec4128a930b414,Modeling Temporal Dependencies in High-Dimensional Sequences: Application to Polyphonic Music Generation and Transcription,Nicolas Boulanger-Lewandowski; Yoshua Bengio; Pascal Vincent,International Conference on Machine Learning,2012,741,33,71,,https://www.semanticscholar.org/paper/07c43a3ff15f2104022f2b1ca8ec4128a930b414
1671a665c636bec7d2eaff137d74e9b7f074892f,Learning Algorithms for the Classification Restricted Boltzmann Machine,H. Larochelle; Michael I. Mandel; Razvan Pascanu; Yoshua Bengio,Journal of machine learning research,2012,325,54,43,10.5555/2503308.2188407,https://www.semanticscholar.org/paper/1671a665c636bec7d2eaff137d74e9b7f074892f
16a333a43d587802f95b5ec11de6c99314ae0c77,Large-Scale Feature Learning With Spike-and-Slab Sparse Coding,I. Goodfellow; Aaron C. Courville; Yoshua Bengio,International Conference on Machine Learning,2012,96,28,7,,https://www.semanticscholar.org/paper/16a333a43d587802f95b5ec11de6c99314ae0c77
184ac0766262312ba76bbdece4e7ffad0aa8180b,Representation Learning: A Review and New Perspectives,Yoshua Bengio; Aaron C. Courville; P. Vincent,IEEE Transactions on Pattern Analysis and Machine Intelligence,2012,14283,263,598,10.1109/TPAMI.2013.50,https://www.semanticscholar.org/paper/184ac0766262312ba76bbdece4e7ffad0aa8180b
188e247506ad992b8bc62d6c74789e89891a984f,Random Search for Hyper-Parameter Optimization,J. Bergstra; Yoshua Bengio,Journal of machine learning research,2012,11564,35,519,10.5555/2503308.2188395,https://www.semanticscholar.org/paper/188e247506ad992b8bc62d6c74789e89891a984f
18e4b042f9134a9d963ecc9fa0e17703e06572cc,Building Musically-relevant Audio Features through Multiple Timescale Representations,P. Hamel; Yoshua Bengio; D. Eck,International Society for Music Information Retrieval Conference,2012,29,14,0,,https://www.semanticscholar.org/paper/18e4b042f9134a9d963ecc9fa0e17703e06572cc
1909b1c4e9547c20c0ee4ff52fd441070fb4ef4c,A Generative Process for Contractive Auto-Encoders.,Salah Rifai; Yann Dauphin; P. Vincent; Yoshua Bengio,International Conference on Machine Learning,2012,7,0,0,,https://www.semanticscholar.org/paper/1909b1c4e9547c20c0ee4ff52fd441070fb4ef4c
31a2053ebda7f6f77afe8c3fc53269b73567e446,What regularized auto-encoders learn from the data-generating distribution,Guillaume Alain; Yoshua Bengio,Journal of machine learning research,2012,557,32,52,10.5555/2627435.2750359,https://www.semanticscholar.org/paper/31a2053ebda7f6f77afe8c3fc53269b73567e446
3ec10bc12d9e40b1a43eaf0f4d7e3320ac5e7dc8,Theano: Deep Learning on GPUs with Python,J. Bergstra; Frédéric Bastien; Olivier Breuleux; Pascal Lamblin; Razvan Pascanu; Olivier Delalleau; Guillaume Desjardins; David Warde-Farley; I. Goodfellow; Arnaud Bergeron; Yoshua Bengio,,2012,280,5,15,,https://www.semanticscholar.org/paper/3ec10bc12d9e40b1a43eaf0f4d7e3320ac5e7dc8
4e9128068882662e7030f8b43a3a32f2752ae78f,Beyond Skill Rating: Advanced Matchmaking in Ghost Recon Online,Olivier Delalleau; E. Contal; Eric Thibodeau-Laufer; Raul Chandias Ferrari; Yoshua Bengio; Frank Zhang,IEEE Transactions on Computational Intelligence and AI in Games,2012,73,56,8,10.1109/TCIAIG.2012.2188833,https://www.semanticscholar.org/paper/4e9128068882662e7030f8b43a3a32f2752ae78f
517c31e5390d1d743aca69d16098be6ca30ebd2d,On Training Deep Boltzmann Machines,Guillaume Desjardins; Aaron C. Courville; Yoshua Bengio,arXiv.org,2012,17,10,0,,https://www.semanticscholar.org/paper/517c31e5390d1d743aca69d16098be6ca30ebd2d
522e90b9fccfd3c1c0603359eb04757d770c1ab5,Practical Recommendations for Gradient-Based Training of Deep Architectures,Yoshua Bengio,Neural Networks,2012,2420,125,184,10.1007/978-3-642-35289-8_26,https://www.semanticscholar.org/paper/522e90b9fccfd3c1c0603359eb04757d770c1ab5
57e17ce6e9a06aa8137ea355ba53073e3ffc7de6,Regularized Auto-Encoders Estimate Local Statistics,Guillaume Alain; Yoshua Bengio; Salah Rifai,International Conference on Learning Representations,2012,27,26,4,,https://www.semanticscholar.org/paper/57e17ce6e9a06aa8137ea355ba53073e3ffc7de6
63cbac5a39cd926a806f60116b845f9bd70f5544,Disentangling Factors of Variation via Generative Entangling,Guillaume Desjardins; Aaron C. Courville; Yoshua Bengio,arXiv.org,2012,106,25,2,,https://www.semanticscholar.org/paper/63cbac5a39cd926a806f60116b845f9bd70f5544
694b96886f45b8e6542863d8ac18de0910ab566a,Evolving Culture vs Local Minima,Yoshua Bengio,arXiv.org,2012,29,51,2,,https://www.semanticscholar.org/paper/694b96886f45b8e6542863d8ac18de0910ab566a
6bf0414dae4f10c7e54fb9e5e8af5d0d0cab290b,A Generative Process for Contractive Auto-Encoders,Salah Rifai; Yoshua Bengio; Yann Dauphin; P. Vincent,International Conference on Machine Learning,2012,50,19,2,,https://www.semanticscholar.org/paper/6bf0414dae4f10c7e54fb9e5e8af5d0d0cab290b
7184a8b7be5ae88bca900542b0ab2c27b019f0ce,Discriminative Non-negative Matrix Factorization for Multiple Pitch Estimation,Nicolas Boulanger-Lewandowski; Yoshua Bengio; P. Vincent,International Society for Music Information Retrieval Conference,2012,27,24,0,,https://www.semanticscholar.org/paper/7184a8b7be5ae88bca900542b0ab2c27b019f0ce
75356222295b85e1b18fbe68f47341fbf41f1985,Deep Learning for Automatic Summary Scoring,Pierre-Etienne Genest; Fabrizio Gotti; Yoshua Bengio,,2012,6,24,1,,https://www.semanticscholar.org/paper/75356222295b85e1b18fbe68f47341fbf41f1985
77dd56072a8dc984626a421d7a5f34f27cda529c,Apprentissage machine efficace: theorie et pratique,Yoshua Bengio; Olivier Delalleau,,2012,3,0,1,,https://www.semanticscholar.org/paper/77dd56072a8dc984626a421d7a5f34f27cda529c
78bd305b1857d9e7d89b7b7e0e6cf75f749e3971,Efficient EM Training of Gaussian Mixtures with Missing Data,Olivier Delalleau; Aaron C. Courville; Yoshua Bengio,arXiv.org,2012,27,12,1,,https://www.semanticscholar.org/paper/78bd305b1857d9e7d89b7b7e0e6cf75f749e3971
84069287da0a6b488b8c933f3cb5be759cb6237e,On the difficulty of training recurrent neural networks,Razvan Pascanu; Tomas Mikolov; Yoshua Bengio,International Conference on Machine Learning,2012,6107,36,403,,https://www.semanticscholar.org/paper/84069287da0a6b488b8c933f3cb5be759cb6237e
855d0f722d75cc56a66a00ede18ace96bafee6bd,Theano: new features and speed improvements,Frédéric Bastien; Pascal Lamblin; Razvan Pascanu; J. Bergstra; I. Goodfellow; Arnaud Bergeron; Nicolas Bouchard; David Warde-Farley; Yoshua Bengio,arXiv.org,2012,1431,15,74,,https://www.semanticscholar.org/paper/855d0f722d75cc56a66a00ede18ace96bafee6bd
99c3d399b14b2d3c8375706b048aedba46515a32,High-dimensional sequence transduction,Nicolas Boulanger-Lewandowski; Yoshua Bengio; Pascal Vincent,"IEEE International Conference on Acoustics, Speech, and Signal Processing",2012,70,24,7,10.1109/ICASSP.2013.6638244,https://www.semanticscholar.org/paper/99c3d399b14b2d3c8375706b048aedba46515a32
a233fccffdd2db27f833841d2cf0dfb338b03509,Spike-and-Slab Sparse Coding for Unsupervised Feature Discovery,I. Goodfellow; Aaron C. Courville; Yoshua Bengio,arXiv.org,2012,61,26,1,,https://www.semanticscholar.org/paper/a233fccffdd2db27f833841d2cf0dfb338b03509
aeb38c8c4b826ad0dc63911dc5198f8c565298f5,Joint Training of Deep Boltzmann Machines,I. Goodfellow; Aaron C. Courville; Yoshua Bengio,arXiv.org,2012,27,7,0,,https://www.semanticscholar.org/paper/aeb38c8c4b826ad0dc63911dc5198f8c565298f5
c5145b1d15fea9340840cc8bb6f0e46e8934827f,Understanding the exploding gradient problem,Razvan Pascanu; Tomas Mikolov; Yoshua Bengio,arXiv.org,2012,566,19,32,,https://www.semanticscholar.org/paper/c5145b1d15fea9340840cc8bb6f0e46e8934827f
d0965d8f9842f2db960b36b528107ca362c00d1a,Better Mixing via Deep Representations,Yoshua Bengio; Grégoire Mesnil; Yann Dauphin; Salah Rifai,International Conference on Machine Learning,2012,357,37,21,,https://www.semanticscholar.org/paper/d0965d8f9842f2db960b36b528107ca362c00d1a
ded103d0613e1a8f51f586cc1678aee3ff26e811,Advances in optimizing recurrent networks,Yoshua Bengio; Nicolas Boulanger-Lewandowski; Razvan Pascanu,"IEEE International Conference on Acoustics, Speech, and Signal Processing",2012,538,34,36,10.1109/ICASSP.2013.6639349,https://www.semanticscholar.org/paper/ded103d0613e1a8f51f586cc1678aee3ff26e811
eaabfd1f34821fb60cec51c0baa1c0970dbd09d9,DETONATION CLASSIFICATION FROM ACOUSTIC SIGNATURE WITH THE RESTRICTED BOLTZMANN MACHINE,Yoshua Bengio; Nicolas Chapados; Olivier Delalleau; H. Larochelle; Xavier Saint-Mleux; Christian Hudon; J. Louradour,International Conference on Climate Informatics,2012,14,56,1,10.1111/j.1467-8640.2012.00419.x,https://www.semanticscholar.org/paper/eaabfd1f34821fb60cec51c0baa1c0970dbd09d9
f05cf9f5fc419e3f299bd11e481e29574afab6a1,Implicit Density Estimation by Local Moment Matching to Sample from Auto-Encoders,Yoshua Bengio; Guillaume Alain; Salah Rifai,arXiv.org,2012,14,31,0,,https://www.semanticscholar.org/paper/f05cf9f5fc419e3f299bd11e481e29574afab6a1
f2f72cfb48d15d4d2bd1e91a92e7f3ac8635d433,Joint Learning of Words and Meaning Representations for Open-Text Semantic Parsing,Antoine Bordes; Xavier Glorot; J. Weston; Yoshua Bengio,International Conference on Artificial Intelligence and Statistics,2012,383,40,24,,https://www.semanticscholar.org/paper/f2f72cfb48d15d4d2bd1e91a92e7f3ac8635d433
f47714b81c4e905460aa0b6ceb9c5257f0352b49,Texture Modeling with Convolutional Spike-and-Slab RBMs and Deep Extensions,Heng Luo; P. Carrier; Aaron C. Courville; Yoshua Bengio,International Conference on Artificial Intelligence and Statistics,2012,25,28,5,,https://www.semanticscholar.org/paper/f47714b81c4e905460aa0b6ceb9c5257f0352b49
f8c8619ea7d68e604e40b814b40c72888a755e95,Unsupervised Feature Learning and Deep Learning: A Review and New Perspectives,Yoshua Bengio; Aaron C. Courville; P. Vincent,arXiv.org,2012,570,213,32,,https://www.semanticscholar.org/paper/f8c8619ea7d68e604e40b814b40c72888a755e95
f9c431f58565f874f76a024add2aa80717ec5cf5,Disentangling Factors of Variation for Facial Expression Recognition,Salah Rifai; Yoshua Bengio; Aaron C. Courville; P. Vincent; Mehdi Mirza,European Conference on Computer Vision,2012,212,30,16,10.1007/978-3-642-33783-3_58,https://www.semanticscholar.org/paper/f9c431f58565f874f76a024add2aa80717ec5cf5
03911c85305d42aa2eeb02be82ef6fb7da644dd0,Algorithms for Hyper-Parameter Optimization,J. Bergstra; R. Bardenet; Yoshua Bengio; B. Kégl,Neural Information Processing Systems,2011,5886,22,485,,https://www.semanticscholar.org/paper/03911c85305d42aa2eeb02be82ef6fb7da644dd0
0bb754879154b0a10ee9966636348d831081e151,Learning invariant features through local space contraction,Salah Rifai; X. Muller; Xavier Glorot; Grégoire Mesnil; Yoshua Bengio; P. Vincent,arXiv.org,2011,18,23,2,,https://www.semanticscholar.org/paper/0bb754879154b0a10ee9966636348d831081e151
0e86ae36835fda2a382dfa1993bcee813eed749a,On learning distributed representations of semantics,Yoshua Bengio,Symposium on Machine Learning in Speech and Language Processing,2011,0,0,0,,https://www.semanticscholar.org/paper/0e86ae36835fda2a382dfa1993bcee813eed749a
195d0a8233a7a46329c742eaff56c276f847fadc,Contractive Auto-Encoders: Explicit Invariance During Feature Extraction,Salah Rifai; P. Vincent; X. Muller; Xavier Glorot; Yoshua Bengio,International Conference on Machine Learning,2011,1589,19,130,,https://www.semanticscholar.org/paper/195d0a8233a7a46329c742eaff56c276f847fadc
1dedcc12efd2b6cc5e24e306b1838d59ebb5ee4d,Mining,Daftar Pustaka; Februari; Boshra Bahrami; M. Hosseini; Januari; I. Goodfellow; Yoshua Bengio; Aaron C. Courville,The Classical Review,2011,579,102,18,10.1017/S0009840X11001892,https://www.semanticscholar.org/paper/1dedcc12efd2b6cc5e24e306b1838d59ebb5ee4d
1f4a4769e4d2fb846e59c2f185e0377190739f18,Learning Structured Embeddings of Knowledge Bases,Antoine Bordes; J. Weston; R. Collobert; Yoshua Bengio,AAAI Conference on Artificial Intelligence,2011,942,26,92,10.1609/aaai.v25i1.7917,https://www.semanticscholar.org/paper/1f4a4769e4d2fb846e59c2f185e0377190739f18
2964d30862d0402b0d0ad4a427067f69e4a52130,Higher Order Contractive Auto-Encoder,Salah Rifai; Grégoire Mesnil; P. Vincent; X. Muller; Yoshua Bengio; Yann Dauphin; Xavier Glorot,ECML/PKDD,2011,283,27,18,10.1007/978-3-642-23783-6_41,https://www.semanticscholar.org/paper/2964d30862d0402b0d0ad4a427067f69e4a52130
2c00d89a098bccb41f05df742a61f614c921a9a7,On Tracking The Partition Function,Guillaume Desjardins; Aaron C. Courville; Yoshua Bengio,Neural Information Processing Systems,2011,28,28,0,,https://www.semanticscholar.org/paper/2c00d89a098bccb41f05df742a61f614c921a9a7
380531bbe0506710f6ffd00d4eb4a97ebc4cf30b,Contextual tag inference,Michael I. Mandel; Razvan Pascanu; D. Eck; Yoshua Bengio; L. Aiello; R. Schifanella; F. Menczer,TOMCCAP,2011,31,44,5,10.1145/2037676.2037689,https://www.semanticscholar.org/paper/380531bbe0506710f6ffd00d4eb4a97ebc4cf30b
38fb40f6b6c2498069d2bd0352b8dc3377fde8f0,Deep Learners Benefit More from Out-of-Distribution Examples,Yoshua Bengio; Frédéric Bastien; Arnaud Bergeron; Nicolas Boulanger-Lewandowski; T. Breuel; Youssouf Chherawala; Moustapha Cissé; Myriam Côté; D. Erhan; Jeremy Eustache; Xavier Glorot; X. Muller; Sylvain Pannetier Lebeuf; Razvan Pascanu; Salah Rifai; François Savard; Guillaume Sicard,International Conference on Artificial Intelligence and Statistics,2011,168,33,3,,https://www.semanticscholar.org/paper/38fb40f6b6c2498069d2bd0352b8dc3377fde8f0
3e1638d1ce6ec0d18c82fb3235a521db0a559da2,Adding noise to the input of a model trained with a regularized objective,Salah Rifai; Xavier Glorot; Yoshua Bengio; P. Vincent,arXiv.org,2011,79,11,4,,https://www.semanticscholar.org/paper/3e1638d1ce6ec0d18c82fb3235a521db0a559da2
4b4d7ff8192c3862379f6ee58ad1fa0ec3de3937,Shallow vs. Deep Sum-Product Networks,Olivier Delalleau; Yoshua Bengio,Neural Information Processing Systems,2011,348,41,15,,https://www.semanticscholar.org/paper/4b4d7ff8192c3862379f6ee58ad1fa0ec3de3937
4f9472a2880a01fd46c5f0c729cf284489d6eefd,Understanding deep architectures and the effect of unsupervised pre-training,Yoshua Bengio; D. Erhan,,2011,4,2,0,,https://www.semanticscholar.org/paper/4f9472a2880a01fd46c5f0c729cf284489d6eefd
524b24a3523123785bedccfa0ef6c4857bf21b5f,Unsupervised Models of Images by Spikeand-Slab RBMs,Aaron C. Courville; J. Bergstra; Yoshua Bengio,International Conference on Machine Learning,2011,79,13,5,,https://www.semanticscholar.org/paper/524b24a3523123785bedccfa0ef6c4857bf21b5f
57aa0b911c170eba7b9ff2006cf3a029cbaab216,"Discussion of ""The Neural Autoregressive Distribution Estimator""",Yoshua Bengio,International Conference on Artificial Intelligence and Statistics,2011,6,7,2,,https://www.semanticscholar.org/paper/57aa0b911c170eba7b9ff2006cf3a029cbaab216
67107f78a84bdb2411053cb54e94fa226eea6d8e,Deep Sparse Rectifier Neural Networks,Xavier Glorot; Antoine Bordes; Yoshua Bengio,International Conference on Artificial Intelligence and Statistics,2011,8953,37,445,,https://www.semanticscholar.org/paper/67107f78a84bdb2411053cb54e94fa226eea6d8e
69a80e4c13f94be768cd113d11890e62ec4f1596,Autotagging music with conditional restricted Boltzmann machines,Michael I. Mandel; Razvan Pascanu; H. Larochelle; Yoshua Bengio,arXiv.org,2011,16,24,2,,https://www.semanticscholar.org/paper/69a80e4c13f94be768cd113d11890e62ec4f1596
6e3f2fe073ba009336c0f13636bb5d137ac276f6,An Energy-Based Recurrent Neural Network for Multiple Fundamental Frequency Estimation,Nicolas Boulanger-Lewandowski; P. Vincent; Yoshua Bengio,,2011,0,7,0,,https://www.semanticscholar.org/paper/6e3f2fe073ba009336c0f13636bb5d137ac276f6
6f4065f0cc99a0839b0248ffb4457e5f0277b30d,Domain Adaptation for Large-Scale Sentiment Classification: A Deep Learning Approach,Xavier Glorot; Antoine Bordes; Yoshua Bengio,International Conference on Machine Learning,2011,1866,26,121,,https://www.semanticscholar.org/paper/6f4065f0cc99a0839b0248ffb4457e5f0277b30d
78c91d969c55a4a61184f81001c376810cdbd541,A Spike and Slab Restricted Boltzmann Machine,Aaron C. Courville; J. Bergstra; Yoshua Bengio,International Conference on Artificial Intelligence and Statistics,2011,101,28,10,,https://www.semanticscholar.org/paper/78c91d969c55a4a61184f81001c376810cdbd541
8a9a10170ee907acb3e582742bec5fa09116f302,The Manifold Tangent Classifier,Salah Rifai; Yann Dauphin; P. Vincent; Yoshua Bengio; X. Muller,Neural Information Processing Systems,2011,285,30,30,,https://www.semanticscholar.org/paper/8a9a10170ee907acb3e582742bec5fa09116f302
8e3c2edd02f62c2be0a7cdadfa9e45772e2b3cdf,Towards Open-Text Semantic Parsing via Multi-Task Learning of Structured Embeddings,Antoine Bordes; Xavier Glorot; J. Weston; Yoshua Bengio,arXiv.org,2011,4,38,0,,https://www.semanticscholar.org/paper/8e3c2edd02f62c2be0a7cdadfa9e45772e2b3cdf
90a99fb11720ad5977f9195c8edbb217744b0f67,On the Expressive Power of Deep Architectures,Yoshua Bengio; Olivier Delalleau,International Conference on Algorithmic Learning Theory,2011,312,73,9,10.1007/978-3-642-24412-4_3,https://www.semanticscholar.org/paper/90a99fb11720ad5977f9195c8edbb217744b0f67
a4ab5ad02c4ed463e1e8a5c06e8b176ef3dea2ea,"The Statistical Inefficiency of Sparse Coding for Images (or, One Gabor to Rule them All)",J. Bergstra; Aaron C. Courville; Yoshua Bengio,arXiv.org,2011,15,12,1,,https://www.semanticscholar.org/paper/a4ab5ad02c4ed463e1e8a5c06e8b176ef3dea2ea
a4b3cfd177cd5798df52ca47664093bb03112049,Suitability of V1 Energy Models for Object Classification,J. Bergstra; Yoshua Bengio; J. Louradour,Neural Computation,2011,7,31,0,10.1162/NECO_a_00084,https://www.semanticscholar.org/paper/a4b3cfd177cd5798df52ca47664093bb03112049
a4fdfd8439a76cba764d4b7da77eac6094e9aada,A Common GPU n-Dimensional Array for Python and C,Frédéric Bastien; Arnaud Bergeron; P. Vincent; Yoshua Bengio,,2011,2,7,0,,https://www.semanticscholar.org/paper/a4fdfd8439a76cba764d4b7da77eac6094e9aada
a6738057323762a7fc4ce12cb688a3a0f49179a1,Adaptive Drift-Diffusion Process to Learn Time Intervals,F. Rivest; Yoshua Bengio,,2011,31,19,4,,https://www.semanticscholar.org/paper/a6738057323762a7fc4ce12cb688a3a0f49179a1
aa1762a629b31d254450e37ce8baa235d729d82b,Large-Scale Learning of Embeddings with Reconstruction Sampling,Yann Dauphin; Xavier Glorot; Yoshua Bengio,International Conference on Machine Learning,2011,40,21,1,,https://www.semanticscholar.org/paper/aa1762a629b31d254450e37ce8baa235d729d82b
b15ecf2611ee9d7c796aa691f78a18be06021880,Incorporating complex cells into neural networks for pattern classification,Yoshua Bengio; J. Bergstra,,2011,0,0,0,,https://www.semanticscholar.org/paper/b15ecf2611ee9d7c796aa691f78a18be06021880
d1c67346e46b4d0067b3c2e5d3b959a8bc24b28c,Quickly Generating Representative Samples from an RBM-Derived Process,Olivier Breuleux; Yoshua Bengio; P. Vincent,Neural Computation,2011,80,15,8,10.1162/NECO_a_00158,https://www.semanticscholar.org/paper/d1c67346e46b4d0067b3c2e5d3b959a8bc24b28c
d8e50fa972e93186c86aceef60511723c606fb87,Temporal Pooling and Multiscale Learning for Automatic Annotation and Ranking of Music Audio,P. Hamel; S. Lemieux; Yoshua Bengio; D. Eck,International Society for Music Information Retrieval Conference,2011,106,21,9,,https://www.semanticscholar.org/paper/d8e50fa972e93186c86aceef60511723c606fb87
01373261bfbba42a806d21d5b759d5a27f509892,Understanding Representations Learned in Deep Architectures,D. Erhan; Aaron C. Courville; Yoshua Bengio,,2010,119,25,7,,https://www.semanticscholar.org/paper/01373261bfbba42a806d21d5b759d5a27f509892
0d2336389dff3031910bd21dd1c44d1b4cd51725,Why Does Unsupervised Pre-training Help Deep Learning?,D. Erhan; Aaron C. Courville; Yoshua Bengio; Pascal Vincent,International Conference on Artificial Intelligence and Statistics,2010,2518,68,90,10.5555/1756006.1756025,https://www.semanticscholar.org/paper/0d2336389dff3031910bd21dd1c44d1b4cd51725
1330682de9ad2139c3e12469f4be3f374fbb1f41,Learning Tags that Vary Within a Song,Michael I. Mandel; D. Eck; Yoshua Bengio,International Society for Music Information Retrieval Conference,2010,42,16,1,,https://www.semanticscholar.org/paper/1330682de9ad2139c3e12469f4be3f374fbb1f41
29dceee846af4194a5e92f5fea0c53e6d38763e1,Improving First and Second-Order Methods by Modeling Uncertainty,Nicolas Le Roux; Yoshua Bengio; A. Fitzgibbon,,2010,21,0,1,10.7551/mitpress/8996.003.0017,https://www.semanticscholar.org/paper/29dceee846af4194a5e92f5fea0c53e6d38763e1
3b05c4ef8d23a456d20f0c0124b0f81bdd2a330d,Adaptive Parallel Tempering for Stochastic Maximum Likelihood Learning of RBMs,Guillaume Desjardins; Aaron C. Courville; Yoshua Bengio,arXiv.org,2010,33,23,4,,https://www.semanticscholar.org/paper/3b05c4ef8d23a456d20f0c0124b0f81bdd2a330d
495ffba7d66c365403cb8bb84c61b4b5425b251c,Tractable Multivariate Binary Density Estimation and the Restricted Boltzmann Forest,H. Larochelle; Yoshua Bengio; Joseph P. Turian,Neural Computation,2010,26,19,2,10.1162/NECO_a_00014,https://www.semanticscholar.org/paper/495ffba7d66c365403cb8bb84c61b4b5425b251c
5028ad7b06aad811f7bf328d48365795117e7938,Deep Belief Networks Are Compact Universal Approximators,Nicolas Le Roux; Yoshua Bengio,Neural Computation,2010,174,23,4,10.1162/neco.2010.08-09-1081,https://www.semanticscholar.org/paper/5028ad7b06aad811f7bf328d48365795117e7938
63936fa32f9e75ab2a864daae6791ce02112183d,Theano: A CPU and GPU Math Compiler in Python,J. Bergstra; Olivier Breuleux; Frédéric Bastien; Pascal Lamblin; Razvan Pascanu; Guillaume Desjardins; Joseph P. Turian; David Warde-Farley; Yoshua Bengio,SciPy,2010,865,14,46,10.25080/MAJORA-92BF1922-003,https://www.semanticscholar.org/paper/63936fa32f9e75ab2a864daae6791ce02112183d
83b625ae40c921c47255da5f2e24266e75a48d9b,Tempered Markov Chain Monte Carlo for training of Restricted Boltzmann Machines,Guillaume Desjardins; Aaron C. Courville; Yoshua Bengio; P. Vincent; Olivier Delalleau,International Conference on Artificial Intelligence and Statistics,2010,125,15,9,,https://www.semanticscholar.org/paper/83b625ae40c921c47255da5f2e24266e75a48d9b
8492070dc4031ed825e95e4803781752bb5e909f,Word Representations: A Simple and General Method for Semi-Supervised Learning,Joseph P. Turian; Lev-Arie Ratinov; Yoshua Bengio,Annual Meeting of the Association for Computational Linguistics,2010,2348,52,158,,https://www.semanticscholar.org/paper/8492070dc4031ed825e95e4803781752bb5e909f
95acad1e79e9728c130e9ba822818eccea7ea0da,Marathi Handwritten Numeral Recognition using Fourier Descriptors and Normalized Chain Code,Y. Lecun; L. Bottou; Yoshua Bengio; P. Haffner; R. Duda; P. Hart; D. Stork; Mallikarjun Hangarge; Reena Bajaj; Lipika Dey; K. Fu,,2010,24,20,2,,https://www.semanticscholar.org/paper/95acad1e79e9728c130e9ba822818eccea7ea0da
98d2bb15fa31f6e9df73b8e7e8e038a99b420190,A simple and general method for semi-supervised learning,Joseph P. Turian; Lev-Arie Ratinov; Yoshua Bengio,,2010,8,45,0,,https://www.semanticscholar.org/paper/98d2bb15fa31f6e9df73b8e7e8e038a99b420190
9c34be4a906a86b2ebc09078d80247227cd54453,DECISION TREES DO NOT GENERALIZE TO NEW VARIATIONS,Yoshua Bengio; Olivier Delalleau; Clarence Simard,International Conference on Climate Informatics,2010,87,37,3,10.1111/j.1467-8640.2010.00366.x,https://www.semanticscholar.org/paper/9c34be4a906a86b2ebc09078d80247227cd54453
a5eb54e8a30406ac723ba258111239e156e25523,Parallel Tempering for Training of Restricted Boltzmann Machines,Guillaume Desjardins; Aaron C. Courville; Yoshua Bengio; P. Vincent; Olivier Delalleau,,2010,85,16,11,,https://www.semanticscholar.org/paper/a5eb54e8a30406ac723ba258111239e156e25523
c24e4e738647ee6d5e5d05605fb1cdda71bcd211,Modeling Natural Image Covariance with a Spike and Slab Restricted Boltzmann Machine,Aaron C. Courville; J. Bergstra; Yoshua Bengio,,2010,5,20,1,,https://www.semanticscholar.org/paper/c24e4e738647ee6d5e5d05605fb1cdda71bcd211
e2b7f37cd97a7907b1b8a41138721ed06a0b76cd,Stacked Denoising Autoencoders: Learning Useful Representations in a Deep Network with a Local Denoising Criterion,P. Vincent; H. Larochelle; Isabelle Lajoie; Yoshua Bengio; Pierre-Antoine Manzagol,Journal of machine learning research,2010,7620,60,597,10.5555/1756006.1953039,https://www.semanticscholar.org/paper/e2b7f37cd97a7907b1b8a41138721ed06a0b76cd
ea9d2a2b4ce11aaf85136840c65f3bc9c03ab649,Understanding the difficulty of training deep feedforward neural networks,Xavier Glorot; Yoshua Bengio,International Conference on Artificial Intelligence and Statistics,2010,19619,21,937,,https://www.semanticscholar.org/paper/ea9d2a2b4ce11aaf85136840c65f3bc9c03ab649
f9724027a887fef5462600902ab83ad73403e73d,Deep Self-Taught Learning for Handwritten Character Recognition,Frédéric Bastien; Yoshua Bengio; Arnaud Bergeron; Nicolas Boulanger-Lewandowski; T. Breuel; Youssouf Chherawala; Moustapha Cissé; Myriam Côté; D. Erhan; Jeremy Eustache; Xavier Glorot; X. Muller; Sylvain Pannetier Lebeuf; Razvan Pascanu; Salah Rifai; François Savard; Guillaume Sicard,arXiv.org,2010,23,26,0,,https://www.semanticscholar.org/paper/f9724027a887fef5462600902ab83ad73403e73d
0516a57a202bf7f279a1dc781393bd71f7570572,"Slow, Decorrelated Features for Pretraining Complex Cell-like Networks",J. Bergstra; Yoshua Bengio,Neural Information Processing Systems,2009,75,23,6,,https://www.semanticscholar.org/paper/0516a57a202bf7f279a1dc781393bd71f7570572
05fd1da7b2e34f86ec7f010bef068717ae964332,Exploring Strategies for Training Deep Neural Networks,H. Larochelle; Yoshua Bengio; J. Louradour; Pascal Lamblin,Journal of machine learning research,2009,1261,63,43,10.5555/1577069.1577070,https://www.semanticscholar.org/paper/05fd1da7b2e34f86ec7f010bef068717ae964332
33db022fdcf053c365d61b503954cd97ccc8308a,A hybrid Pareto model for asymmetric fat-tailed data: the univariate case,J. Carreau; Yoshua Bengio,,2009,117,20,11,10.1007/S10687-008-0068-0,https://www.semanticscholar.org/paper/33db022fdcf053c365d61b503954cd97ccc8308a
3f24b900be51fd7f0a7afa976c5875bc44fbbf66,How do We Train Deep Architectures ?,Yoshua Bengio,,2009,0,205,0,,https://www.semanticscholar.org/paper/3f24b900be51fd7f0a7afa976c5875bc44fbbf66
4661295f5f03a441f3b0ab9d2fdb2359840198ef,Incorporating Functional Knowledge in Neural Networks,Charles Dugas; Yoshua Bengio; F. Bélisle; Claude Nadeau; René Garcia,Journal of machine learning research,2009,94,11,2,10.5555/1577069.1577111,https://www.semanticscholar.org/paper/4661295f5f03a441f3b0ab9d2fdb2359840198ef
4d9f30f2bd4464796e8f4630149c5dd362d1861d,Statistical Machine Learning Algorithms for Target Classification from Acoustic Signature,V. Mirelli; S. Tenney; Yoshua Bengio; Nicolas Chapados; Olivier Delalleau,,2009,11,21,1,,https://www.semanticscholar.org/paper/4d9f30f2bd4464796e8f4630149c5dd362d1861d
54d3ae06e743fbbc753417fe410813ba8de443c4,Proceedings of the 22nd International Conference on Neural Information Processing Systems,Yoshua Bengio; D. Schuurmans; J. Lafferty; C. Williams; A. Culotta,,2009,0,0,0,,https://www.semanticscholar.org/paper/54d3ae06e743fbbc753417fe410813ba8de443c4
65d994fb778a8d9e0f632659fb33a082949a50d3,Visualizing Higher-Layer Features of a Deep Network,D. Erhan; Yoshua Bengio; Aaron C. Courville; P. Vincent,,2009,1462,18,92,,https://www.semanticscholar.org/paper/65d994fb778a8d9e0f632659fb33a082949a50d3
66df2234176a15de2792e6074acdc9807f3b6f0d,A Hybrid Pareto Mixture for Conditional Asymmetric Fat-Tailed Distributions,J. Carreau; Yoshua Bengio,IEEE Transactions on Neural Networks,2009,26,21,3,10.1109/TNN.2009.2016339,https://www.semanticscholar.org/paper/66df2234176a15de2792e6074acdc9807f3b6f0d
7c488cbc4103524b27f42254e9455429b23d92ca,Workshop summary: Workshop on learning feature hierarchies,Kai Yu; R. Salakhutdinov; Yann LeCun; Geoffrey E. Hinton; Yoshua Bengio,International Conference on Machine Learning,2009,3,0,0,10.1145/1553374.1553543,https://www.semanticscholar.org/paper/7c488cbc4103524b27f42254e9455429b23d92ca
823bc07f2a305aca73a0a8140937280a0265fda8,Quadratic Features and Deep Architectures for Chunking,Joseph P. Turian; J. Bergstra; Yoshua Bengio,North American Chapter of the Association for Computational Linguistics,2009,55,16,3,10.3115/1620853.1620921,https://www.semanticscholar.org/paper/823bc07f2a305aca73a0a8140937280a0265fda8
8b4d054ea7338d0bf8a46934a02d63f0a7767a46,Alternative time representation in dopamine models,F. Rivest; J. Kalaska; Yoshua Bengio,Journal of Computational Neuroscience,2009,24,80,1,10.1007/s10827-009-0191-1,https://www.semanticscholar.org/paper/8b4d054ea7338d0bf8a46934a02d63f0a7767a46
8de174ab5419b9d3127695405efd079808e956e8,Curriculum learning,Yoshua Bengio; J. Louradour; R. Collobert; J. Weston,International Conference on Machine Learning,2009,7606,33,452,10.1145/1553374.1553380,https://www.semanticscholar.org/paper/8de174ab5419b9d3127695405efd079808e956e8
b543de6755fc1612b2fb449e0282727d0835d9cf,Justifying and Generalizing Contrastive Divergence,Yoshua Bengio; Olivier Delalleau,Neural Computation,2009,231,29,15,10.1162/neco.2008.11-07-647,https://www.semanticscholar.org/paper/b543de6755fc1612b2fb449e0282727d0835d9cf
ccf415df5a83b343dae261286d29a40e8b80e6c6,The Difficulty of Training Deep Architectures and the Effect of Unsupervised Pre-Training,D. Erhan; Pierre-Antoine Manzagol; Yoshua Bengio; Samy Bengio; P. Vincent,International Conference on Artificial Intelligence and Statistics,2009,474,19,22,,https://www.semanticscholar.org/paper/ccf415df5a83b343dae261286d29a40e8b80e6c6
d1b429fc0140fc81160f57e5d50f9fa79ee780b7,An Infinite Factor Model Hierarchy Via a Noisy-Or Mechanism,Aaron C. Courville; D. Eck; Yoshua Bengio,Neural Information Processing Systems,2009,8,11,0,,https://www.semanticscholar.org/paper/d1b429fc0140fc81160f57e5d50f9fa79ee780b7
efebcf29fa011d6e070ad3d3841e53bde69f6d07,Non-parametric Regression between Riemannian Manifolds,F. Steinke; Koller; Dale Schuurmans; Yoshua Bengio; L. Bottou,Neural Information Processing Systems,2009,7,0,0,,https://www.semanticscholar.org/paper/efebcf29fa011d6e070ad3d3841e53bde69f6d07
1d02f39e04bcace25c9b7678f5deb758271b5727,MIREX TAGGING CONTEST : A DEEP NEURAL NET APPROACH ( DRAFT ),Thierry Bertin-Mahieux; Yoshua Bengio,,2008,0,3,0,,https://www.semanticscholar.org/paper/1d02f39e04bcace25c9b7678f5deb758271b5727
2a8a076c26875208d52c66e07aa7f6db9a4f34b7,Representational Power of Restricted Boltzmann Machines and Deep Belief Networks,Nicolas Le Roux; Yoshua Bengio,Neural Computation,2008,826,20,44,10.1162/neco.2008.04-07-510,https://www.semanticscholar.org/paper/2a8a076c26875208d52c66e07aa7f6db9a4f34b7
699d5ab38deee78b1fd17cc8ad233c74196d16e9,Adaptive Importance Sampling to Accelerate Training of a Neural Probabilistic Language Model,Yoshua Bengio; J. Senecal,IEEE Transactions on Neural Networks,2008,265,34,20,10.1109/TNN.2007.912312,https://www.semanticscholar.org/paper/699d5ab38deee78b1fd17cc8ad233c74196d16e9
843959ffdccf31c6694d135fad07425924f785b1,Extracting and composing robust features with denoising autoencoders,Pascal Vincent; H. Larochelle; Yoshua Bengio; Pierre-Antoine Manzagol,International Conference on Machine Learning,2008,8303,30,512,10.1145/1390156.1390294,https://www.semanticscholar.org/paper/843959ffdccf31c6694d135fad07425924f785b1
98449bcf80e52e0e902efd288b68c701d5392099,Neural net language models,Yoshua Bengio,Scholarpedia,2008,125,0,7,10.4249/scholarpedia.3881,https://www.semanticscholar.org/paper/98449bcf80e52e0e902efd288b68c701d5392099
a37d28ebc8d365b36ee651aa15dce6dba1e80ad0,Proceedings of the 21st International Conference on Neural Information Processing Systems,D. Koller; D. Schuurmans; Yoshua Bengio; L. Bottou,,2008,0,0,0,,https://www.semanticscholar.org/paper/a37d28ebc8d365b36ee651aa15dce6dba1e80ad0
a53da9916b87fa295837617c16ef2ca6462cafb8,Classification using discriminative restricted Boltzmann machines,H. Larochelle; Yoshua Bengio,International Conference on Machine Learning,2008,823,26,85,10.1145/1390156.1390224,https://www.semanticscholar.org/paper/a53da9916b87fa295837617c16ef2ca6462cafb8
fabb43426ead447305c9186f54d5124863730e47,Zero-data Learning of New Tasks,H. Larochelle; D. Erhan; Yoshua Bengio,AAAI Conference on Artificial Intelligence,2008,621,15,26,,https://www.semanticscholar.org/paper/fabb43426ead447305c9186f54d5124863730e47
25e10d042f4a6a83fe40f0d8e196b6d832d1f646,Augmented Functional Time Series Representation and Forecasting with Gaussian Processes,Nicolas Chapados; Yoshua Bengio,Neural Information Processing Systems,2007,23,11,1,,https://www.semanticscholar.org/paper/25e10d042f4a6a83fe40f0d8e196b6d832d1f646
3f0860fdf1bd7017756cf29753033841a94aafa5,Continuous Neural Networks,Nicolas Le Roux; Yoshua Bengio,International Conference on Artificial Intelligence and Statistics,2007,65,7,8,,https://www.semanticscholar.org/paper/3f0860fdf1bd7017756cf29753033841a94aafa5
4b703d3fcdd93710d2f42cad0cd59c8a6bf1708d,A Hybrid Pareto Model for Conditional Density Estimation of Asymmetric Fat-Tail Data,J. Carreau; Yoshua Bengio,International Conference on Artificial Intelligence and Statistics,2007,7,10,2,,https://www.semanticscholar.org/paper/4b703d3fcdd93710d2f42cad0cd59c8a6bf1708d
578a316d192a66f6e3562055696ca9c5e88471ef,On the challenge of learning complex functions.,Yoshua Bengio,Progress in Brain Research,2007,20,36,2,10.1016/S0079-6123(06)65033-4,https://www.semanticscholar.org/paper/578a316d192a66f6e3562055696ca9c5e88471ef
5a8aaeb330bd90cb1d9d0201a91b64e07468b271,Learning the 2-D Topology of Images,Nicolas Le Roux; Yoshua Bengio; Pascal Lamblin; Marc Joliveau; B. Kégl,Neural Information Processing Systems,2007,22,18,3,,https://www.semanticscholar.org/paper/5a8aaeb330bd90cb1d9d0201a91b64e07468b271
6dbb061380dc44b6d6a231eed7eef2bb0861f8a0,"Advances in Neural Information Processing Systems 21, Proceedings of the Twenty-Second Annual Conference on Neural Information Processing Systems, Vancouver, British Columbia, Canada, December 8-11, 2008",D. Koller; Dale Schuurmans; Yoshua Bengio; L. Bottou,Neural Information Processing Systems,2007,0,0,0,,https://www.semanticscholar.org/paper/6dbb061380dc44b6d6a231eed7eef2bb0861f8a0
6ed460701019072ee2e364a1a491f73dd931f27f,Topmoumoute Online Natural Gradient Algorithm,Nicolas Le Roux; Pierre-Antoine Manzagol; Yoshua Bengio,Neural Information Processing Systems,2007,220,10,15,,https://www.semanticscholar.org/paper/6ed460701019072ee2e364a1a491f73dd931f27f
6fdb77260fc83dff91c44fea0f31a2cb8ed13d04,Scaling learning algorithms towards AI,Yoshua Bengio; Yann LeCun,,2007,1386,52,52,,https://www.semanticscholar.org/paper/6fdb77260fc83dff91c44fea0f31a2cb8ed13d04
721da138fb9ca9ee66f5ac4ef52eeb655cc3f3ce,Forecasting and Trading Commodity Contract Spreads with Gaussian Processes,Nicolas Chapados; Yoshua Bengio,,2007,3,38,0,,https://www.semanticscholar.org/paper/721da138fb9ca9ee66f5ac4ef52eeb655cc3f3ce
8784f905f4f9fb6fa4a3cc9b0faa5b5479c687ec,On the Optimization of a Synaptic Learning Rule,Samy Bengio; Yoshua Bengio; J. Cloutier; J. Gecsei,,2007,293,8,7,,https://www.semanticscholar.org/paper/8784f905f4f9fb6fa4a3cc9b0faa5b5479c687ec
a5df85e418766f0812fb9ebe53d3c7387d57e898,Deep Architectures for Baby AI,Yoshua Bengio,,2007,3,50,0,,https://www.semanticscholar.org/paper/a5df85e418766f0812fb9ebe53d3c7387d57e898
a86e90d934a17b21391fe3325e85ed36ba87432e,Noisy K Best-Paths for Approximate Dynamic Programming with Application to Portfolio Optimization,Nicolas Chapados; Yoshua Bengio,Journal of Computers,2007,5,25,0,10.4304/jcp.2.1.12-19,https://www.semanticscholar.org/paper/a86e90d934a17b21391fe3325e85ed36ba87432e
b8012351bc5ebce4a4b3039bbbba3ce393bc3315,An empirical evaluation of deep architectures on problems with many factors of variation,H. Larochelle; D. Erhan; Aaron C. Courville; J. Bergstra; Yoshua Bengio,International Conference on Machine Learning,2007,1205,13,116,10.1145/1273496.1273556,https://www.semanticscholar.org/paper/b8012351bc5ebce4a4b3039bbbba3ce393bc3315
d04d6db5f0df11d0cff57ec7e15134990ac07a4f,Learning Deep Architectures for AI,Yoshua Bengio,Found. Trends Mach. Learn.,2007,8874,248,510,10.1561/2200000006,https://www.semanticscholar.org/paper/d04d6db5f0df11d0cff57ec7e15134990ac07a4f
d9db3275e81a9082cd071a7ee85ab5de66ab4179,Proposed Algorithm : Algorithm,Yoshua Bengio,,2007,0,4,0,,https://www.semanticscholar.org/paper/d9db3275e81a9082cd071a7ee85ab5de66ab4179
f950a3f80fe0cf08f74b51a18a9fd1ba69e45d18,TRAINING A NEURAL NETWORK WITH A FINANCIAL CRITERION RATHER THAN A PREDICTION CRITERION,Yoshua Bengio,,2007,10,0,2,,https://www.semanticscholar.org/paper/f950a3f80fe0cf08f74b51a18a9fd1ba69e45d18
355d44f53428b1ac4fb2ab468d593c720640e5bd,Greedy Layer-Wise Training of Deep Networks,Yoshua Bengio; Pascal Lamblin; D. Popovici; H. Larochelle,Neural Information Processing Systems,2006,5494,18,325,10.7551/mitpress/7503.003.0024,https://www.semanticscholar.org/paper/355d44f53428b1ac4fb2ab468d593c720640e5bd
3888e5dbc3b90ae6f143a0614f5079ec0b69b419,Large-Scale Algorithms,Olivier Delalleau; Yoshua Bengio; Nicolas Le Roux,Semi-Supervised Learning,2006,1,0,0,10.7551/mitpress/9780262033589.003.0018,https://www.semanticscholar.org/paper/3888e5dbc3b90ae6f143a0614f5079ec0b69b419
3cfc28428dbbe769b1437aef29f0d999e4991947,Entropy Regularization,Yves Grandvalet; Yoshua Bengio,Semi-Supervised Learning,2006,109,0,4,10.7551/mitpress/9780262033589.003.0009,https://www.semanticscholar.org/paper/3cfc28428dbbe769b1437aef29f0d999e4991947
3df87d901a0e3de3bd6a0c17c5683d753fbeaf64,Distributed Representation Prediction for Generalization to New Words,H. Larochelle; Yoshua Bengio,,2006,2,16,0,,https://www.semanticscholar.org/paper/3df87d901a0e3de3bd6a0c17c5683d753fbeaf64
5eb1a272f9933a11d113cf63fe659e073942bce5,Neural Probabilistic Language Models,Yoshua Bengio; Holger Schwenk; J. Senecal; Frederic Morin; J. Gauvain,,2006,593,50,39,10.1007/3-540-33486-6_6,https://www.semanticscholar.org/paper/5eb1a272f9933a11d113cf63fe659e073942bce5
867e055da3d50d98698be9cda4b762a66e2e05fb,Collaborative Filtering on a Family of Biological Targets,D. Erhan; Pierre-Jean L'Heureux; S. Yue; Yoshua Bengio,Journal of Chemical Information and Modeling,2006,102,30,4,10.1021/ci050367t,https://www.semanticscholar.org/paper/867e055da3d50d98698be9cda4b762a66e2e05fb
89a1c14547d99a18af3d6060c071686beb7c2870,Nonlocal Estimation of Manifold Structure,Yoshua Bengio; Monperrus Martin; H. Larochelle,Neural Computation,2006,44,22,1,10.1162/neco.2006.18.10.2509,https://www.semanticscholar.org/paper/89a1c14547d99a18af3d6060c071686beb7c2870
adda61b411b3b608514e79b68837e191411fa944,Label Propagation and Quadratic Criterion,Yoshua Bengio; Olivier Delalleau; Nicolas Le Roux,Semi-Supervised Learning,2006,52,0,5,10.7551/mitpress/9780262033589.003.0011,https://www.semanticscholar.org/paper/adda61b411b3b608514e79b68837e191411fa944
afc0a5d20dd7160f42fc5c27ef9746b14ebe53f4,PROC OF THE IEEE NOVEMBER Gradient Based Learning Applied to Document Recognition,Yann LeCun; L. Bottou; Yoshua Bengio,,2006,22,0,0,,https://www.semanticscholar.org/paper/afc0a5d20dd7160f42fc5c27ef9746b14ebe53f4
cec213e037ecc6e3ae6bc8a86263b63c018ce014,A Hybrid Pareto Model for Asymmetric Fat-Tail Data,J. Carreau; Yoshua Bengio,,2006,2,8,0,,https://www.semanticscholar.org/paper/cec213e037ecc6e3ae6bc8a86263b63c018ce014
dcb29e09bb88b7db6eb8d29cdf6c379b628ba54a,The K Best-Paths Approach to Approximate Dynamic Programming with Application to Portfolio Optimization,Nicolas Chapados; Yoshua Bengio,Canadian Conference on AI,2006,0,23,0,10.1007/11766247_42,https://www.semanticscholar.org/paper/dcb29e09bb88b7db6eb8d29cdf6c379b628ba54a
f26a3a4eb321b99c37f3f8f5618119d12ab49fa4,Generalizing to a zero-data task : a computational chemistry case study,D. Erhan; Yoshua Bengio; Pierre-Jean L'Heureux,,2006,2,24,0,,https://www.semanticscholar.org/paper/f26a3a4eb321b99c37f3f8f5618119d12ab49fa4
08d8dc5e62357ffe38413db2ccdc655d46c7b1ea,Reassuring and Troubling Views on Graph-Based Semi-Supervised Learning,Yoshua Bengio; Olivier Delalleau; Nicolas Le Roux,,2005,0,8,0,,https://www.semanticscholar.org/paper/08d8dc5e62357ffe38413db2ccdc655d46c7b1ea
21b5f9f51d99c010a520fad855fb18f89263436c,Learning Influence among Interacting Markov Chains,Yoshua Bengio; P. Frasconi,Neural Information Processing Systems,2005,260,16,33,,https://www.semanticscholar.org/paper/21b5f9f51d99c010a520fad855fb18f89263436c
3d969ae63a053b1188dfb9ac66cc065cc9c3a009,Bias in Estimating the Variance of K-Fold Cross-Validation,Yoshua Bengio; Yves Grandvalet,,2005,48,12,1,10.1007/0-387-24555-3_5,https://www.semanticscholar.org/paper/3d969ae63a053b1188dfb9ac66cc065cc9c3a009
758b1d823ac975720e6e81e375cd4432009e5bca,Convex Neural Networks,Yoshua Bengio; Nicolas Le Roux; P. Vincent; Olivier Delalleau; P. Marcotte,Neural Information Processing Systems,2005,228,16,6,,https://www.semanticscholar.org/paper/758b1d823ac975720e6e81e375cd4432009e5bca
8bb257fa1311abe601c3c2270610ecf50aeea89d,Greedy Spectral Embedding,M. Ouimet; Yoshua Bengio,International Conference on Artificial Intelligence and Statistics,2005,66,15,5,,https://www.semanticscholar.org/paper/8bb257fa1311abe601c3c2270610ecf50aeea89d
b145c84cb7a7c691cbd6ced92195b098be11ba7b,Non-Local Manifold Parzen Windows,Yoshua Bengio; H. Larochelle; P. Vincent,Neural Information Processing Systems,2005,65,13,2,,https://www.semanticscholar.org/paper/b145c84cb7a7c691cbd6ced92195b098be11ba7b
b4c0dee1b1bfe2ba9fa87ebb526df2a288011533,The Curse of Dimensionality for Local Kernel Machines,Yoshua Bengio; Olivier Delalleau,,2005,102,28,1,,https://www.semanticscholar.org/paper/b4c0dee1b1bfe2ba9fa87ebb526df2a288011533
b7d471970467a99bec4bce34c7dba5ef6745ad06,The Curse of Highly Variable Functions for Local Kernel Machines,Yoshua Bengio; Olivier Delalleau; Nicolas Le Roux,Neural Information Processing Systems,2005,241,23,6,,https://www.semanticscholar.org/paper/b7d471970467a99bec4bce34c7dba5ef6745ad06
c19fbefdeead6a4154a22a9c8551a18b1530033a,Hierarchical Probabilistic Neural Network Language Model,Frederic Morin; Yoshua Bengio,International Conference on Artificial Intelligence and Statistics,2005,1068,27,60,,https://www.semanticscholar.org/paper/c19fbefdeead6a4154a22a9c8551a18b1530033a
c4cdff0a49742efb8e6919f87c9926555d28d1ed,Selective small molecule peptidomimetic ligands of TrkC and TrkA receptors afford discrete or complete neurotrophic activities.,Maria Clara Zaccaro; Hong-Bo-On Lee; M. Pattarawarapan; Zebin Xia; A. Caron; P. L'Heureux; Yoshua Bengio; K. Burgess; H. Saragovi,Chemistry and Biology,2005,61,51,4,10.1016/J.CHEMBIOL.2005.06.015,https://www.semanticscholar.org/paper/c4cdff0a49742efb8e6919f87c9926555d28d1ed
2bdfef76269d853a6fc0438c0970cfbb35a98e88,Unsupervised Sense Disambiguation Using Bilingual Probabilistic Models,Indrajit Bhattacharya; L. Getoor; Yoshua Bengio,Annual Meeting of the Association for Computational Linguistics,2004,35,21,3,10.3115/1218955.1218992,https://www.semanticscholar.org/paper/2bdfef76269d853a6fc0438c0970cfbb35a98e88
452f2d52618d84b195faec2969a1b3ec8a2b9617,Locally Weighted Full Covariance Gaussian Density Estimation,Yoshua Bengio; P. Vincent,,2004,12,20,0,,https://www.semanticscholar.org/paper/452f2d52618d84b195faec2969a1b3ec8a2b9617
4d44dc8986383946ddd23690a692f670da297379,Markovian Models for Sequential,Yoshua Bengio,,2004,1,131,0,,https://www.semanticscholar.org/paper/4d44dc8986383946ddd23690a692f670da297379
94098b81ac76bb4c682d2ae90ce64bc0ac559f80,Discovering Shared Structure in Manifold Learning,Yoshua Bengio; Monperrus Martin,,2004,7,20,0,,https://www.semanticscholar.org/paper/94098b81ac76bb4c682d2ae90ce64bc0ac559f80
ad67ccee45b801b0138016e2f44a566344e77320,Semi-supervised Learning by Entropy Minimization,Yves Grandvalet; Yoshua Bengio,Conférence francophone sur l'apprentissage automatique,2004,2541,25,159,,https://www.semanticscholar.org/paper/ad67ccee45b801b0138016e2f44a566344e77320
b4d2b067b769bb22b3fdb5b21ee0d9789d731c9d,Approche statistique pour le repérage de mots informatifs dans les textes oraux,N. Boufaden; Yoshua Bengio; G. Lapalme,JEPTALNRECITAL,2004,1,14,0,,https://www.semanticscholar.org/paper/b4d2b067b769bb22b3fdb5b21ee0d9789d731c9d
b5ea2a97310a8fa83df0184a00b6415a3df84024,Repérage de mots informatifs dans les textes conversationnels,N. Boufaden; G. Lapalme; Yoshua Bengio,,2004,0,16,0,,https://www.semanticscholar.org/paper/b5ea2a97310a8fa83df0184a00b6415a3df84024
cfa15801bf4e7bf610d38dc86da62b83e2ddedcb,Learning Eigenfunctions Links Spectral Embedding and Kernel PCA,Yoshua Bengio; Olivier Delalleau; Nicolas Le Roux; Jean-François Paiement; P. Vincent; M. Ouimet,Neural Computation,2004,342,28,34,10.1162/0899766041732396,https://www.semanticscholar.org/paper/cfa15801bf4e7bf610d38dc86da62b83e2ddedcb
dc1d132c79a72dba386dc47750a49b0c29b54568,Non-Local Manifold Tangent Learning,Yoshua Bengio; Monperrus Martin,Neural Information Processing Systems,2004,104,16,5,,https://www.semanticscholar.org/paper/dc1d132c79a72dba386dc47750a49b0c29b54568
f0021b1fcc3e9bedb631ee4ad8c248413a5b932f,Efficient Non-Parametric Function Induction in Semi-Supervised Learning,Olivier Delalleau; Yoshua Bengio; Nicolas Le Roux,International Conference on Artificial Intelligence and Statistics,2004,207,18,11,,https://www.semanticscholar.org/paper/f0021b1fcc3e9bedb631ee4ad8c248413a5b932f
f2b2fad62fe52d72a66c3ef3e3092de2dc1fc84a,Locally Linear Embedding for dimensionality reduction in QSAR,Pierre-Jean L'Heureux; J. Carreau; Yoshua Bengio; Olivier Delalleau; S. Yue,J. Comput. Aided Mol. Des.,2004,21,25,0,10.1007/s10822-004-5319-9,https://www.semanticscholar.org/paper/f2b2fad62fe52d72a66c3ef3e3092de2dc1fc84a
f316d350c85fa7198878a1149c327218f7d4ea30,Markovian Models for Sequential Data,Yoshua Bengio,,2004,296,134,27,10.1007/978-1-84800-007-0_10,https://www.semanticscholar.org/paper/f316d350c85fa7198878a1149c327218f7d4ea30
f56a429762df9617b47116170a5e8cec3b120ed9,Brain Inspired Reinforcement Learning,F. Rivest; Yoshua Bengio; J. Kalaska,Neural Information Processing Systems,2004,31,15,1,,https://www.semanticscholar.org/paper/f56a429762df9617b47116170a5e8cec3b120ed9
fc94c6aa1ff287e2fe4cf2e6dcf53b64fdd50f04,Estimation de densité conditionnelle lorsque l'hypothèse de normalité est insatisfaisante,Julie Carreau; Yoshua Bengio,,2004,0,12,0,,https://www.semanticscholar.org/paper/fc94c6aa1ff287e2fe4cf2e6dcf53b64fdd50f04
01ad77475dedda66e3961f707a19fe588ef48f39,Learning Eigenfunctions of Similarity: Linking Spectral Clustering and Kernel PCA,Yoshua Bengio; P. Vincent; Recherche Op,,2003,34,31,6,,https://www.semanticscholar.org/paper/01ad77475dedda66e3961f707a19fe588ef48f39
5a37af0d9aac292ccc4e67f860286e804813601f,Quick Training of Probabilistic Neural Nets by Importance Sampling,Yoshua Bengio; J. Senecal,International Conference on Artificial Intelligence and Statistics,2003,35,21,2,,https://www.semanticscholar.org/paper/5a37af0d9aac292ccc4e67f860286e804813601f
5f39fe2659603f4194fd638d1a2e17985415c3bb,"Out-of-Sample Extensions for LLE, Isomap, MDS, Eigenmaps, and Spectral Clustering",Yoshua Bengio; Jean-François Paiement; P. Vincent; Olivier Delalleau; Nicolas Le Roux; M. Ouimet,Neural Information Processing Systems,2003,1160,19,77,,https://www.semanticscholar.org/paper/5f39fe2659603f4194fd638d1a2e17985415c3bb
6c2b28f9354f667cd5bd07afc0471d8334430da7,A Neural Probabilistic Language Model,Yoshua Bengio; Réjean Ducharme; Pascal Vincent; Christian Janvin,Journal of machine learning research,2003,7903,40,479,,https://www.semanticscholar.org/paper/6c2b28f9354f667cd5bd07afc0471d8334430da7
711f754a83f02240a7eb5bca75a12b39c29040c5,Comment améliorer la capacité de généralisation des algorithmes d'apprentissage pour la prise de décisions financières,Nicolas Chapados; Yoshua Bengio,,2003,1,0,0,,https://www.semanticscholar.org/paper/711f754a83f02240a7eb5bca75a12b39c29040c5
859c28061f964fe09f4b0e0852b5cfb6e0a7cc74,Statistical Learning Algorithms Applied to Automobile Insurance Ratemaking,Charles Dugas; Yoshua Bengio; Nicolas Chapados; P. Vincent,,2003,30,41,1,10.1142/9789812794246_0004,https://www.semanticscholar.org/paper/859c28061f964fe09f4b0e0852b5cfb6e0a7cc74
b8080a072c5e988a8ae731b5c18c7deefa6db228,Estimators of Variance for K-Fold Cross-Validation,Yoshua Bengio; Yves Grandvalet,,2003,2,3,0,,https://www.semanticscholar.org/paper/b8080a072c5e988a8ae731b5c18c7deefa6db228
caf6b04add538e00f11184188cfc487f6389288f,"Bias learning, knowledge sharing",J. Ghosn; Yoshua Bengio,Proceedings of the IEEE-INNS-ENNS International Joint Conference on Neural Networks. IJCNN 2000. Neural Computing: New Challenges and Perspectives for the New Millennium,2003,60,28,4,10.1109/IJCNN.2000.857806,https://www.semanticscholar.org/paper/caf6b04add538e00f11184188cfc487f6389288f
e4383a0bab8a3459383be5d57820bc802abc86a4,Extracting Hidden Sense Probabilities from Bitexts,Yoshua Bengio; Christopher Kermorvant,,2003,2,20,0,,https://www.semanticscholar.org/paper/e4383a0bab8a3459383be5d57820bc802abc86a4
0a22e6292f0a45438c57a38d6b08687efd3d58c1,On Out-of-Sample Statistics for Financial Time-Series,Francois Gingras; Yoshua Bengio; Claude Nadeau,,2002,1,6,0,,https://www.semanticscholar.org/paper/0a22e6292f0a45438c57a38d6b08687efd3d58c1
102e3fc59c339de2c123f842d086370c8f544255,Input Decay : Simple and Effective Soft Variable Selection,Nicolas Chapados; Yoshua Bengio; Cirano,,2002,0,14,0,,https://www.semanticscholar.org/paper/102e3fc59c339de2c123f842d086370c8f544255
1cbdddc71258cd515eab354c639a76d6b8801429,Model Selection for Small Sample Regression,O. Chapelle; V. Vapnik; Yoshua Bengio,Machine-mediated learning,2002,131,18,8,10.1023/A:1013943418833,https://www.semanticscholar.org/paper/1cbdddc71258cd515eab354c639a76d6b8801429
2adc2804c065671ef2099d35c9089ff03b6db94d,Guest Introduction: Special Issue on New Methods for Model Selection and Model Combination,Yoshua Bengio; Dale Schuurmans,Machine-mediated learning,2002,4,0,0,10.1023/A:1013921901994,https://www.semanticscholar.org/paper/2adc2804c065671ef2099d35c9089ff03b6db94d
2e79909c283520be311107b2fc0b906b3b2e9b93,Étude du biais dans le prix des options,Yoshua Bengio; Charles Dugas,,2002,1,6,0,,https://www.semanticscholar.org/paper/2e79909c283520be311107b2fc0b906b3b2e9b93
6749af63741eef26f6ce4f17e3c3f3576dd59a46,Découpage thématique des conversations : un outil d'aide à l'extraction,N. Boufaden; G. Lapalme; Yoshua Bengio,,2002,7,0,0,,https://www.semanticscholar.org/paper/6749af63741eef26f6ce4f17e3c3f3576dd59a46
75c0504d703c762c6caf82859c1e94acbfe76970,Manifold Parzen Windows,P. Vincent; Yoshua Bengio,Neural Information Processing Systems,2002,159,20,13,,https://www.semanticscholar.org/paper/75c0504d703c762c6caf82859c1e94acbfe76970
7bb0f5f20883db8c69b53ba4e52eded325b25f43,Scaling Large Learning Problems with Hard Parallel Mixtures,R. Collobert; Yoshua Bengio; Samy Bengio,International journal of pattern recognition and artificial intelligence,2002,50,13,5,10.1142/S0218001403002411,https://www.semanticscholar.org/paper/7bb0f5f20883db8c69b53ba4e52eded325b25f43
8fcb66d7318bede9ca594026cbdd0de8e4390aa8,Kernel Matching Pursuit,P. Vincent; Yoshua Bengio,Machine-mediated learning,2002,345,44,59,10.1023/A:1013955821559,https://www.semanticscholar.org/paper/8fcb66d7318bede9ca594026cbdd0de8e4390aa8
9ded83ff59f784319fd31ebc6cd70242be94df8e,Valorisation d'Options par Optimisation du Sharpe Ratio,O. Bardou; Yoshua Bengio; Nicolas Chapados; Réjean Ducharme,,2002,1,6,0,,https://www.semanticscholar.org/paper/9ded83ff59f784319fd31ebc6cd70242be94df8e
9e159efc6e22b3b321fe44a15b899622af643007,Robust Regression with Asymmetric Heavy-Tail Noise Distributions,I. Takeuchi; Yoshua Bengio; T. Kanamori,Neural Computation,2002,23,12,1,10.1162/08997660260293300,https://www.semanticscholar.org/paper/9e159efc6e22b3b321fe44a15b899622af643007
a6be82954ba9f04eb030c92c5dbbd0345611aa12,The Challenge of Non-Linear Regression on Large Datasets with Asymmetric Heavy Tails,Yoshua Bengio; I. Takeuchi; T. Kanamori,,2002,0,27,0,,https://www.semanticscholar.org/paper/a6be82954ba9f04eb030c92c5dbbd0345611aa12
bbe745a812edd6167b878052e7687701009e91be,Segmentation en thèmes de conversations téléphoniques : traitement en amont pour l’extraction d’information,N. Boufaden; G. Lapalme; Yoshua Bengio,JEPTALNRECITAL,2002,1,10,0,,https://www.semanticscholar.org/paper/bbe745a812edd6167b878052e7687701009e91be
dbd9a15f75ab055b458bf4511b47b446d3b1328d,Incorporating Second-Order Functional Knowledge for Better Option Pricing,Charles Dugas; Yoshua Bengio; F. Bélisle; Claude Nadeau; Garcia Cirano; René Garcia,,2002,4,24,0,,https://www.semanticscholar.org/paper/dbd9a15f75ab055b458bf4511b47b446d3b1328d
139118b34a043c3b47d7682bb409de8663f068fa,Experiments on the application of IOHMMs to model financial returns series,Yoshua Bengio; Vincent Lauzon; Réjean Ducharme,IEEE Trans. Neural Networks,2001,0,46,0,10.1109/72.896800,https://www.semanticscholar.org/paper/139118b34a043c3b47d7682bb409de8663f068fa
16174aa9f7b2f72a078b1301244367f40a754502,A Parallel Mixture of SVMs for Very Large Scale Problems,R. Collobert; Samy Bengio; Yoshua Bengio,Neural Computation,2001,465,16,30,10.1162/089976602753633402,https://www.semanticscholar.org/paper/16174aa9f7b2f72a078b1301244367f40a754502
2e2fbb357a1e575f2371e324ff269d97f51c2c05,EVALUATING LONG-TERM DEPENDENCYBENCHMARK PROBLEMS BY RANDOM GUESSINGJ,urgen Schmidhuber; Sepp Hochreiter; Yoshua Bengio,,2001,0,29,0,,https://www.semanticscholar.org/paper/2e2fbb357a1e575f2371e324ff269d97f51c2c05
2e5f2b57f4c476dd69dc22ccdf547e48f40a994c,Gradient Flow in Recurrent Nets: the Difficulty of Learning Long-Term Dependencies,Sepp Hochreiter; Yoshua Bengio,,2001,2089,28,61,,https://www.semanticscholar.org/paper/2e5f2b57f4c476dd69dc22ccdf547e48f40a994c
3181416c2d721b196aab5c0cf0d9b89fb6caa8f4,Estimating Car Insurance Premia: a Case Study in High-Dimensional Data Inference,Nicolas Chapados; Yoshua Bengio; P. Vincent; J. Ghosn; Charles Dugas; I. Takeuchi; Linyan Meng,Neural Information Processing Systems,2001,31,11,4,,https://www.semanticscholar.org/paper/3181416c2d721b196aab5c0cf0d9b89fb6caa8f4
a22ed10f6b0a3aea1282306fe1a09df97426b378,Input decay: simple and effective soft variable selection,Nicolas Chapados; Yoshua Bengio,IJCNN'01. International Joint Conference on Neural Networks. Proceedings (Cat. No.01CH37222),2001,12,12,1,10.1109/IJCNN.2001.939537,https://www.semanticscholar.org/paper/a22ed10f6b0a3aea1282306fe1a09df97426b378
af327ce5d9c65319580138e7268df368f8130705,Topic Segmentation : A First Stage to Dialog-Based Information Extraction,Narjès Boufaden; G. Lapalme; Yoshua Bengio,Natural Language Processing Pacific Rim Symposium,2001,21,13,0,,https://www.semanticscholar.org/paper/af327ce5d9c65319580138e7268df368f8130705
e5be5362ff623801a0210cbddca9ed33168da6e2,Cost functions and model combination for VaR-based asset allocation using neural networks,Nicolas Chapados; Yoshua Bengio,IEEE Trans. Neural Networks,2001,16,30,2,10.1109/72.935098,https://www.semanticscholar.org/paper/e5be5362ff623801a0210cbddca9ed33168da6e2
fc04643fec8b23b418611a92fb7dadc38e4ffc7e,K-Local Hyperplane and Convex Distance Nearest Neighbor Algorithms,P. Vincent; Yoshua Bengio,Neural Information Processing Systems,2001,226,16,29,,https://www.semanticscholar.org/paper/fc04643fec8b23b418611a92fb7dadc38e4ffc7e
005563182483bb97b106e7ed5e5daf7b6363a8ed,Introduction to the special issue on neural networks for data mining and knowledge discovery,Yoshua Bengio; J. Buhmann; M. Embrechts; J. Żurada,,2000,39,0,3,10.1109/tnn.2000.846723,https://www.semanticscholar.org/paper/005563182483bb97b106e7ed5e5daf7b6363a8ed
12d8ecf781a13d8d33262ccdfe831c58f75ca4b4,Taking on the curse of dimensionality in joint distributions using neural networks,Samy Bengio; Yoshua Bengio,IEEE Trans. Neural Networks Learn. Syst.,2000,123,17,4,10.1109/72.846725,https://www.semanticscholar.org/paper/12d8ecf781a13d8d33262ccdfe831c58f75ca4b4
21fc15b4225606f2acedb15fe40952918e53ab4b,Probabilistic neural network models for sequential data,Yoshua Bengio,Proceedings of the IEEE-INNS-ENNS International Joint Conference on Neural Networks. IJCNN 2000. Neural Computing: New Challenges and Perspectives for the New Millennium,2000,4,20,0,10.1109/IJCNN.2000.861438,https://www.semanticscholar.org/paper/21fc15b4225606f2acedb15fe40952918e53ab4b
22caccb8f64c258fcd051e9ab68179faa0219bb3,A Neural Support Vector Network architecture with adaptive kernels,P. Vincent; Yoshua Bengio,Proceedings of the IEEE-INNS-ENNS International Joint Conference on Neural Networks. IJCNN 2000. Neural Computing: New Challenges and Perspectives for the New Millennium,2000,18,13,0,10.1109/IJCNN.2000.861455,https://www.semanticscholar.org/paper/22caccb8f64c258fcd051e9ab68179faa0219bb3
52c1f6d04d7944077793e071d4fcf801e6b43a1e,Continuous optimization of hyper-parameters,Yoshua Bengio,Proceedings of the IEEE-INNS-ENNS International Joint Conference on Neural Networks. IJCNN 2000. Neural Computing: New Challenges and Perspectives for the New Millennium,2000,20,14,1,10.1109/IJCNN.2000.857853,https://www.semanticscholar.org/paper/52c1f6d04d7944077793e071d4fcf801e6b43a1e
81ff8885fd11af461fce05cf797ddf175664b305,Incorporating Second-Order Functional Knowledge for Better Option Pricing,Charles Dugas; Yoshua Bengio; F. Bélisle; Claude Nadeau; René Garcia,Neural Information Processing Systems,2000,559,9,27,,https://www.semanticscholar.org/paper/81ff8885fd11af461fce05cf797ddf175664b305
a8ebda8d11185b504e5df02b419fefd8850847fc,Boosting Neural Networks,Holger Schwenk; Yoshua Bengio,Neural Computation,2000,320,36,14,10.1162/089976600300015178,https://www.semanticscholar.org/paper/a8ebda8d11185b504e5df02b419fefd8850847fc
b191750a5ea07a82a040217e7267ef17c47e0832,Model Sele tion for Small Sample,RegressionOlivier Chapelle; V. Vapnik; Yoshua Bengio,,2000,0,2,0,,https://www.semanticscholar.org/paper/b191750a5ea07a82a040217e7267ef17c47e0832
e5ca0f1d79a5245ee5ddf6af80c01829bcac7340,Gradient-Based Optimization of Hyperparameters,Yoshua Bengio,Neural Computation,2000,611,25,38,10.1162/089976600300015187,https://www.semanticscholar.org/paper/e5ca0f1d79a5245ee5ddf6af80c01829bcac7340
190e4800c67ef445e4bd0944a55debaccebcf43f,Modeling High-Dimensional Discrete Data with Multi-Layer Neural Networks,Yoshua Bengio; Samy Bengio,Neural Information Processing Systems,1999,156,6,8,,https://www.semanticscholar.org/paper/190e4800c67ef445e4bd0944a55debaccebcf43f
6aae8e1e96743c74f7cfd546a87ddaecad25979f,Inference for the Generalization Error,Claude Nadeau; Yoshua Bengio,Machine-mediated learning,1999,792,19,76,10.1023/A:1024068626366,https://www.semanticscholar.org/paper/6aae8e1e96743c74f7cfd546a87ddaecad25979f
75583dc6579588544eca75bf25e1bd983c31c28f,Stochastic Learning of Strategic Equilibria for Auctions,Samy Bengio; Yoshua Bengio; J. Robert; G. Bélanger,Neural Computation,1999,3,14,0,10.1162/089976699300016412,https://www.semanticscholar.org/paper/75583dc6579588544eca75bf25e1bd983c31c28f
9a5ea367f0fb05805acaa84a402f5d036eea37dc,Object Recognition with Gradient-Based Learning,Yann LeCun; P. Haffner; L. Bottou; Yoshua Bengio,"Shape, Contour and Grouping in Computer Vision",1999,1038,37,86,10.1007/3-540-46805-6_19,https://www.semanticscholar.org/paper/9a5ea367f0fb05805acaa84a402f5d036eea37dc
ed7fb6084dc9c345da458b0c49f05e4fca607fd9,Binary pseudowavelets and applications to bilevel image processing,S. Pigeon; Yoshua Bengio,Proceedings DCC'99 Data Compression Conference (Cat. No. PR00096),1999,5,7,2,10.1109/DCC.1999.755686,https://www.semanticscholar.org/paper/ed7fb6084dc9c345da458b0c49f05e4fca607fd9
f3ee4dbf3ba9feb12474502f854b75654ae59185,Learning Simple Non Stationarities with Hyper Parameters,Yoshua Bengio; Charles Dugas,,1999,2,14,0,,https://www.semanticscholar.org/paper/f3ee4dbf3ba9feb12474502f854b75654ae59185
162d958ff885f1462aeda91cd72582323fd6a1f4,Gradient-based learning applied to document recognition,Yann LeCun; L. Bottou; Yoshua Bengio; P. Haffner,Proceedings of the IEEE,1998,62546,147,6451,10.1109/5.726791,https://www.semanticscholar.org/paper/162d958ff885f1462aeda91cd72582323fd6a1f4
24161f7d5202c7455eb3db96dbb882a92cb03f85,A memory-efficient adaptive Huffman coding algorithm for very large sets of symbols,S. Pigeon; Yoshua Bengio,Proceedings DCC '98 Data Compression Conference (Cat. No.98TB100225),1998,13,16,2,10.1109/DCC.1998.672310,https://www.semanticscholar.org/paper/24161f7d5202c7455eb3db96dbb882a92cb03f85
34103850fbd71d43b19f8335f378f421ab9a1aa8,"High quality document image compression with ""DjVu""",L. Bottou; P. Haffner; P. Howard; P. Simard; Yoshua Bengio; Yann LeCun,J. Electronic Imaging,1998,275,26,33,10.1117/1.482609,https://www.semanticscholar.org/paper/34103850fbd71d43b19f8335f378f421ab9a1aa8
4946bd2137c92f431f5ca0b233cc5aed76e226cb,Support vector machines for improving the classification of brain PET images,Martin Bonneville; J. Meunier; Yoshua Bengio; J. Soucy,Medical Imaging,1998,21,13,0,10.1117/12.310900,https://www.semanticscholar.org/paper/4946bd2137c92f431f5ca0b233cc5aed76e226cb
4aed90539735b3ef0042f70c2a39cfcee3c4ef45,Missing Data with Recurrent Networks Handling Asynchronous or Missing Data with Recurrent Networks,Francois Gingras; Yoshua Bengio; S. Gauthier; Salah El Hihi,,1998,11,25,1,,https://www.semanticscholar.org/paper/4aed90539735b3ef0042f70c2a39cfcee3c4ef45
563e821bb5ea825efb56b77484f5287f08cf3753,"Convolutional networks for images, speech, and time series",Yann LeCun; Yoshua Bengio,,1998,6223,18,311,,https://www.semanticscholar.org/paper/563e821bb5ea825efb56b77484f5287f08cf3753
714c5e9f832b12e4029bc8516b3d9fe11ae0553e,Browsing through high quality document images with DjVu,P. Haffner; L. Bottou; P. Howard; P. Simard; Yoshua Bengio; Yann LeCun,Proceedings IEEE International Forum on Research and Technology Advances in Digital Libraries -ADL'98-,1998,18,22,0,10.1109/ADL.1998.670431,https://www.semanticscholar.org/paper/714c5e9f832b12e4029bc8516b3d9fe11ae0553e
9b8c203bacd40a69f27bc7345bb94c88591a76fc,The Z-coder adaptive binary coder,L. Bottou; P. Howard; Yoshua Bengio,Proceedings DCC '98 Data Compression Conference (Cat. No.98TB100225),1998,56,8,1,10.1109/DCC.1998.672124,https://www.semanticscholar.org/paper/9b8c203bacd40a69f27bc7345bb94c88591a76fc
a8cb95376951b9ffb80d7c59fa7e4dd359360683,MEMORY-EFFICIENT ADAPTIVE HUFFMAN CODING,S. Pigeon; Yoshua Bengio,,1998,2,0,0,,https://www.semanticscholar.org/paper/a8cb95376951b9ffb80d7c59fa7e4dd359360683
b79afd058487038764fc5056881fa3bc10c624a3,Gaussian Mixture Densities for Classification of Nuclear Power Plant Data,Yoshua Bengio; Francois Gingras; B. Goulard; J. Lina; K. Scott,Computers and artificial intelligence,1998,2,13,0,,https://www.semanticscholar.org/paper/b79afd058487038764fc5056881fa3bc10c624a3
16606775b2599e26394e969c5694910f6b1d7a69,Shared Context Probabilistic Transducers,Yoshua Bengio; Samy Bengio; Jean-Franc Isabelle; Y. Singer,Neural Information Processing Systems,1997,5,7,1,,https://www.semanticscholar.org/paper/16606775b2599e26394e969c5694910f6b1d7a69
25de919ccc51093737e2d61cea3037ee6bd3775f,Reading checks with multilayer graph transformer networks,Yann LeCun; L. Bottou; Yoshua Bengio,"IEEE International Conference on Acoustics, Speech, and Signal Processing",1997,57,6,2,10.1109/ICASSP.1997.599580,https://www.semanticscholar.org/paper/25de919ccc51093737e2d61cea3037ee6bd3775f
2a5c494c9ac68c8915d9df880a3bf6fe48a696a8,Discriminative feature and model design for automatic speech recognition,M. Rahim; Yoshua Bengio; Yann LeCun,EUROSPEECH,1997,19,9,0,10.21437/Eurospeech.1997-46,https://www.semanticscholar.org/paper/2a5c494c9ac68c8915d9df880a3bf6fe48a696a8
44ab2e12cb32dd1b6a0671cc77331f28e05fb31e,On the Optimization of a Synaptic LearningRuleSamy,Samy Bengio; Yoshua Bengio; J. Cloutier; J. Gecsei,,1997,0,27,0,,https://www.semanticscholar.org/paper/44ab2e12cb32dd1b6a0671cc77331f28e05fb31e
4f0ab1dcdc9f405ca90e36a35ea335196464d387,Global training of document processing systems using graph transformer networks,L. Bottou; Yoshua Bengio; Yann LeCun,Proceedings of IEEE Computer Society Conference on Computer Vision and Pattern Recognition,1997,122,14,5,10.1109/CVPR.1997.609370,https://www.semanticscholar.org/paper/4f0ab1dcdc9f405ca90e36a35ea335196464d387
6e0bf98f60f0596d8483442de820697467f151b0,Training Methods for Adaptive Boosting of Neural Networks,Holger Schwenk; Yoshua Bengio,Neural Information Processing Systems,1997,77,7,2,,https://www.semanticscholar.org/paper/6e0bf98f60f0596d8483442de820697467f151b0
8326554185ddbb60cf701a6a11ae266c2faca97c,AdaBoosting Neural Networks: Application to on-line Character Recognition,Holger Schwenk; Yoshua Bengio,International Conference on Artificial Neural Networks,1997,53,10,3,10.1007/BFb0020278,https://www.semanticscholar.org/paper/8326554185ddbb60cf701a6a11ae266c2faca97c
25bdc473f8377c1200adbd691fbb3cc77fa7bf70,Input-output HMMs for sequence processing,Yoshua Bengio; P. Frasconi,IEEE Trans. Neural Networks,1996,355,66,38,10.1109/72.536317,https://www.semanticscholar.org/paper/25bdc473f8377c1200adbd691fbb3cc77fa7bf70
730068cb367489f91aa8a99bc83fb43ef3b2466c,An EM Algorithm for Asynchronous Input/Output Hidden Markov Models,Samy Bengio; Yoshua Bengio,,1996,29,9,2,,https://www.semanticscholar.org/paper/730068cb367489f91aa8a99bc83fb43ef3b2466c
a02df6b956612047a9493baba5218f01ed44af00,Neural networks for speech and sequence recognition,Yoshua Bengio,,1996,153,0,21,,https://www.semanticscholar.org/paper/a02df6b956612047a9493baba5218f01ed44af00
b5671a8bf1112ada019f20d2128b1b870724c9da,Markovian Models for Sequential DataYoshua,Yoshua Bengio,,1996,0,123,0,,https://www.semanticscholar.org/paper/b5671a8bf1112ada019f20d2128b1b870724c9da
e5d26994a2ed3b7657dbefde26fc7eb929d62b16,Multi-Task Learning for Stock Selection,J. Ghosn; Yoshua Bengio,Neural Information Processing Systems,1996,102,10,1,,https://www.semanticscholar.org/paper/e5d26994a2ed3b7657dbefde26fc7eb929d62b16
04df5041de8c0ba7bdc6edb76ba3e77728b9e93f,On the search for new learning rules for ANNs,Samy Bengio; Yoshua Bengio; J. Cloutier,Neural Processing Letters,1995,37,9,0,10.1007/BF02279935,https://www.semanticscholar.org/paper/04df5041de8c0ba7bdc6edb76ba3e77728b9e93f
3311fba973367747bc4ff7783479b83998bf32e6,Recurrent Neural Networks for Missing or Asynchronous Data,Yoshua Bengio; Francois Gingras,Neural Information Processing Systems,1995,107,10,6,,https://www.semanticscholar.org/paper/3311fba973367747bc4ff7783479b83998bf32e6
4a4192fd6efb5661eca197cce24289776a4fbcc2,LeRec: A NN/HMM Hybrid for On-Line Handwriting Recognition,Yoshua Bengio; Yann LeCun; C. Nohl; C. Burges,Neural Computation,1995,167,24,7,10.1162/neco.1995.7.6.1289,https://www.semanticscholar.org/paper/4a4192fd6efb5661eca197cce24289776a4fbcc2
b13813b49f160e1a2010c44bd4fb3d09a28446e3,Hierarchical Recurrent Neural Networks for Long-Term Dependencies,Salah El Hihi; Yoshua Bengio,Neural Information Processing Systems,1995,407,27,14,,https://www.semanticscholar.org/paper/b13813b49f160e1a2010c44bd4fb3d09a28446e3
bf7e1b6997433dcb2121b07cce1de1c61471ff2d,Pattern Recognition and Neural Networks,Yann LeCun; Yoshua Bengio,,1995,4629,20,372,,https://www.semanticscholar.org/paper/bf7e1b6997433dcb2121b07cce1de1c61471ff2d
d9c8b4f4a14b1568956f2a618c86728c6ce67390,Diffusion of Context and Credit Information in Markovian Models,Yoshua Bengio; P. Frasconi,Journal of Artificial Intelligence Research,1995,48,29,1,10.1613/JAIR.233,https://www.semanticscholar.org/paper/d9c8b4f4a14b1568956f2a618c86728c6ce67390
2352d9105de31032538900dfb2ce7c95f6402963,Convergence Properties of the K-Means Algorithms,L. Bottou; Yoshua Bengio,Neural Information Processing Systems,1994,564,13,36,,https://www.semanticscholar.org/paper/2352d9105de31032538900dfb2ce7c95f6402963
384e44ead79e8eb1fd58949e62bba4401ff3f59a,Pen-based visitor registration system (PENGUIN),N. Matic; D. Henderson; Y. Le Cun; Yoshua Bengio,"Proceedings of 1994 28th Asilomar Conference on Signals, Systems and Computers",1994,0,9,0,10.1109/ACSSC.1994.471464,https://www.semanticscholar.org/paper/384e44ead79e8eb1fd58949e62bba4401ff3f59a
4b336597d72bef3b5b6964a88040129edcaf8dcd,Word normalization for on-line handwritten word recognition,Yoshua Bengio; Yann LeCun,,1994,38,9,5,,https://www.semanticscholar.org/paper/4b336597d72bef3b5b6964a88040129edcaf8dcd
9da84a188c3f591202d0055d96e776069389a568,Use of genetic programming for the search of a new learning rule for neural networks,Samy Bengio; Yoshua Bengio; J. Cloutier,Proceedings of the First IEEE Conference on Evolutionary Computation. IEEE World Congress on Computational Intelligence,1994,55,11,7,10.1109/ICEC.1994.349932,https://www.semanticscholar.org/paper/9da84a188c3f591202d0055d96e776069389a568
c7e750beb97b2b7e6493f412bd0bc95a48e7a058,Gaussian Mixtures with Missing Data: an Ecien t EM Training Algorithm,Olivier Delalleau; Aaron C. Courville; Yoshua Bengio,,1994,1,2,0,,https://www.semanticscholar.org/paper/c7e750beb97b2b7e6493f412bd0bc95a48e7a058
cb05c84fd86c31020b3cde06c5bc36404bc6a882,An EM approach to grammatical inference: input/output HMMs,P. Frasconi; Yoshua Bengio,Signal Processing,1994,20,15,2,10.1109/ICPR.1994.576922,https://www.semanticscholar.org/paper/cb05c84fd86c31020b3cde06c5bc36404bc6a882
d0be39ee052d246ae99c082a565aba25b811be2d,Learning long-term dependencies with gradient descent is difficult,Yoshua Bengio; P. Simard; P. Frasconi,IEEE Trans. Neural Networks,1994,9240,27,284,10.1109/72.279181,https://www.semanticscholar.org/paper/d0be39ee052d246ae99c082a565aba25b811be2d
d71340dd06e1245d1e072aa17563ee43688d371d,Diffusion of Credit in Markovian Models,Yoshua Bengio; P. Frasconi,Neural Information Processing Systems,1994,22,6,1,,https://www.semanticscholar.org/paper/d71340dd06e1245d1e072aa17563ee43688d371d
ec8c344bb9d1e4b966f499a9b236c3e320d46362,Word-level training of a handwritten word recognizer based on convolutional neural networks,Yann LeCun; Yoshua Bengio,Signal Processing,1994,78,12,0,10.1109/ICPR.1994.576881,https://www.semanticscholar.org/paper/ec8c344bb9d1e4b966f499a9b236c3e320d46362
f3c5f1e1edd0d63f2d1b30d308c2c88b06a829ef,Word normalization for online handwritten word recognition,Yoshua Bengio; Yann LeCun,Signal Processing,1994,23,9,1,10.1109/ICPR.1994.576966,https://www.semanticscholar.org/paper/f3c5f1e1edd0d63f2d1b30d308c2c88b06a829ef
13369d124474b5f8dcbc70d12296a185832192b2,Credit Assignment through Time: Alternatives to Backpropagation,Yoshua Bengio; P. Frasconi,Neural Information Processing Systems,1993,63,6,7,,https://www.semanticscholar.org/paper/13369d124474b5f8dcbc70d12296a185832192b2
3461f06617b42dadd1ce240a93ffe420513b3399,"Globally Trained Handwritten Word Recognizer Using Spatial Representation, Convolutional Neural Networks, and Hidden Markov Models",Yoshua Bengio; Yann LeCun; D. Henderson,Neural Information Processing Systems,1993,95,11,2,,https://www.semanticscholar.org/paper/3461f06617b42dadd1ce240a93ffe420513b3399
38e02a68336c374b90a550d3f540758eef9cd836,Generalization of a Parametric Learning Rule,Samy Bengio; Yoshua Bengio; J. Cloutier; J. Gecsei,,1993,13,6,0,10.1007/978-1-4471-2063-6_131,https://www.semanticscholar.org/paper/38e02a68336c374b90a550d3f540758eef9cd836
3f1d04f57e420f0f1b2cd059deab309bc7073ca1,The problem of learning long-term dependencies in recurrent networks,Yoshua Bengio; P. Frasconi; P. Simard,IEEE International Conference on Neural Networks,1993,274,9,9,10.1109/ICNN.1993.298725,https://www.semanticscholar.org/paper/3f1d04f57e420f0f1b2cd059deab309bc7073ca1
4d4527fb1837cada163a0e79f4e70e037614492f,Recurrent Neural Networks for Adaptive Temporal ProcessingYoshua Bengio,Yoshua Bengio; Paolo Frasconiy; Marco Goriy,,1993,0,55,0,,https://www.semanticscholar.org/paper/4d4527fb1837cada163a0e79f4e70e037614492f
5fd7cbbecb090f32c198a1b2cc4e2582e06ea431,"Globally trained handwritten word recognizer using spatial representation, space displacement neural networks and hidden Markov models",Yoshua Bengio; Yann LeCun; D. Henderson,,1993,36,0,0,,https://www.semanticscholar.org/paper/5fd7cbbecb090f32c198a1b2cc4e2582e06ea431
bb404305aca0c9ea6195bf1d918efe13e5301a90,A Connectionist Approach to Speech Recognition,Yoshua Bengio,International journal of pattern recognition and artificial intelligence,1993,56,0,3,10.1142/S0218001493000327,https://www.semanticscholar.org/paper/bb404305aca0c9ea6195bf1d918efe13e5301a90
c8a4f5358bde28333ab94076c935bc49c3ff26ea,On-line handwriting recognition with neural networks: Spatial representation versus temporal representation,Yann LeCun; Yoshua Bengio; D. Henderson; A. Weisbuch; H. Weissman; L. Jackel,,1993,4,0,0,,https://www.semanticscholar.org/paper/c8a4f5358bde28333ab94076c935bc49c3ff26ea
d9f71880962a93c15e1ffd771e6cf9d0cd41441f,Learning the dynamic nature of speech with back-propagation for sequences,Yoshua Bengio; R. Mori; M. Gori,Pattern Recognition Letters,1992,46,26,1,10.1016/0167-8655(92)90035-X,https://www.semanticscholar.org/paper/d9f71880962a93c15e1ffd771e6cf9d0cd41441f
e8e512e223cbb3e95280b3903a865ffc58a2418e,Radial Basis Functions for Speech Recognition,Yoshua Bengio,,1992,2,13,0,10.1007/978-3-642-76626-8_30,https://www.semanticscholar.org/paper/e8e512e223cbb3e95280b3903a865ffc58a2418e
3c92ffacba4eaddcb86c8fde50d1b183ac995052,Global optimization of a neural network-hidden Markov model hybrid,Yoshua Bengio; R. Mori; G. Flammia; R. Kompe,IJCNN-91-Seattle International Joint Conference on Neural Networks,1991,283,39,11,10.1109/IJCNN.1991.155435,https://www.semanticscholar.org/paper/3c92ffacba4eaddcb86c8fde50d1b183ac995052
5a26b1e04cf5090a7026928bfb4e546cd45c6582,Neural Network - Gaussian Mixture Hybrid for Speech Recognition or Density Estimation,Yoshua Bengio; R. Mori; G. Flammia; R. Kompe,Neural Information Processing Systems,1991,6,7,0,,https://www.semanticscholar.org/paper/5a26b1e04cf5090a7026928bfb4e546cd45c6582
74e6672060e48a05de79ff9b09b093417e75a4db,Phonetically motivated acoustic parameters for continuous speech recognition using artificial neural networks,Yoshua Bengio; R. Mori; G. Flammia; R. Kompe,Speech Communication,1991,23,23,1,10.1016/0167-6393(92)90020-8,https://www.semanticscholar.org/paper/74e6672060e48a05de79ff9b09b093417e75a4db
7bbbc07cddc6564847317ed4ecf0cd102297f160,A comparative study on hybrid acoustic phonetic decoders based on artificial neural networks,Yoshua Bengio; R. Mori; G. Flammia; R. Kompe,EUROSPEECH,1991,0,21,0,10.21437/Eurospeech.1991-241,https://www.semanticscholar.org/paper/7bbbc07cddc6564847317ed4ecf0cd102297f160
9fb917bc89b9a412a40827dc3267e15c9c6b0a03,Connectionist Models and their Application to Automatic Speech Recognition,Yoshua Bengio; R. Mori,,1991,3,35,0,10.1016/B978-0-444-88740-5.50015-3,https://www.semanticscholar.org/paper/9fb917bc89b9a412a40827dc3267e15c9c6b0a03
cde2937cb41cf461f624ded2012743ac4624eca8,Artificial neural networks and their application to sequence recognition,Yoshua Bengio,,1991,54,0,1,,https://www.semanticscholar.org/paper/cde2937cb41cf461f624ded2012743ac4624eca8
d130325c41947a41a55a4431e9e8e15be89da8ea,Learning a synaptic learning rule,Yoshua Bengio; Samy Bengio; J. Cloutier,IJCNN-91-Seattle International Joint Conference on Neural Networks,1991,401,20,9,10.1109/IJCNN.1991.155621,https://www.semanticscholar.org/paper/d130325c41947a41a55a4431e9e8e15be89da8ea
4c7544261a6d3414a7c08a4ad33142304c409d8a,On the Use of an Ear Model and Multi-Layered Networks for Automatic Speech Recognition,R. Mori; Yoshua Bengio; P. Cosi,,1990,0,15,0,10.1142/9789814368292_0003,https://www.semanticscholar.org/paper/4c7544261a6d3414a7c08a4ad33142304c409d8a
5315d1cc7feebd5f8775f998cd2e0a7dcbfaa4b6,Phonetically-based multi-layered neural networks for vowel classification,P. Cosi; Yoshua Bengio; R. Mori,Speech Communication,1990,20,22,1,10.1016/0167-6393(90)90041-7,https://www.semanticscholar.org/paper/5315d1cc7feebd5f8775f998cd2e0a7dcbfaa4b6
b25298a1eefd397e48497701053b5e4d84d0c2ba,Efficient recognition of immunoglobulin domains from amino acid sequences using a neural network,Yoshua Bengio; Y. Pouliot,Comput. Appl. Biosci.,1990,17,15,0,10.1093/bioinformatics/6.4.319,https://www.semanticscholar.org/paper/b25298a1eefd397e48497701053b5e4d84d0c2ba
263be9980bae1a6f7be77f0e794df0831fd7670e,Use of multilayer networks for the recognition of phonetic features and phonemes,Yoshua Bengio; R. Mori,International Conference on Climate Informatics,1989,4,26,0,10.1111/j.1467-8640.1989.tb00323.x,https://www.semanticscholar.org/paper/263be9980bae1a6f7be77f0e794df0831fd7670e
2abe9e5a5ee9e108673100b2fd6376bd6eeb404d,On the Generalization Capability of Multi-Layered Networks in the Extraction of Speech Properties,R. Mori; Yoshua Bengio; P. Cosi,International Joint Conference on Artificial Intelligence,1989,5,11,0,,https://www.semanticscholar.org/paper/2abe9e5a5ee9e108673100b2fd6376bd6eeb404d
35229f6b26bba02ce60f3c0f5b330b24ae8772ff,A Neural Network to Detect Homologies in Proteins,Yoshua Bengio; Samy Bengio; Y. Pouliot; P. Agin,Neural Information Processing Systems,1989,2,20,0,,https://www.semanticscholar.org/paper/35229f6b26bba02ce60f3c0f5b330b24ae8772ff
49a09dbad1eef44b360d2a87621a544b64e1c5b3,Speaker Independent Speech Recognition with Neural Networks and Speech Knowledge,Yoshua Bengio; R. Mori; R. Cardin,Neural Information Processing Systems,1989,18,10,0,,https://www.semanticscholar.org/paper/49a09dbad1eef44b360d2a87621a544b64e1c5b3
7ab73467f48f9c453be07c389c5dd1d1bfa70f25,BPS: a learning algorithm for capturing the dynamic nature of speech,M. Gori; Yoshua Bengio; R. De Mori,International 1989 Joint Conference on Neural Networks,1989,88,15,5,10.1109/IJCNN.1989.118276,https://www.semanticscholar.org/paper/7ab73467f48f9c453be07c389c5dd1d1bfa70f25
97ae41a9d71090da4692a8c25dff0e9e31ae9a69,Programmable execution of multi-layered networks for automatic speech recognition,Yoshua Bengio; R. Cardin; R. Mori; Ettore Merlo,CACM,1989,24,14,0,10.1145/63342.63345,https://www.semanticscholar.org/paper/97ae41a9d71090da4692a8c25dff0e9e31ae9a69
f6fc11829ba775f08a6ddcc8c09473298453d448,Speech coding with multilayer networks,Yoshua Bengio; R. Cardin; P. Cosi; R. Mori,NATO Neurocomputing,1989,2,15,0,10.1007/978-3-642-76153-9_26,https://www.semanticscholar.org/paper/f6fc11829ba775f08a6ddcc8c09473298453d448
a5347945537634d593cae5e167308629c37ea928,Data-Driven Execution of Multi-Layered Networks for Automatic Speech Recognition,R. Mori; Yoshua Bengio; R. Cardin,AAAI Conference on Artificial Intelligence,1988,6,8,0,,https://www.semanticscholar.org/paper/a5347945537634d593cae5e167308629c37ea928
cd6dd2d27f62299c9c8835ac7d42bcc65611e978,Use of Multi-Layered Networks for Coding Speech with Phonetic Features,Yoshua Bengio; R. Cardin; R. Mori; P. Cosi,Neural Information Processing Systems,1988,5,17,0,,https://www.semanticscholar.org/paper/cd6dd2d27f62299c9c8835ac7d42bcc65611e978
d8c95ba2ffde99d365bdb1c5441a0d38b5e88fab,Use of neural networks for the recognition of place of articulation,Yoshua Bengio; R. Mori,"ICASSP-88., International Conference on Acoustics, Speech, and Signal Processing",1988,16,14,0,10.1109/ICASSP.1988.196522,https://www.semanticscholar.org/paper/d8c95ba2ffde99d365bdb1c5441a0d38b5e88fab
e0bdf7c7ef1a099e24daab9176e778c4400fc4f8,USE OF NEURAL NETWORKS FOR THE RECOGNITION OF PLACE,Yoshua Bengio; R. Mori,,1988,1,14,0,,https://www.semanticscholar.org/paper/e0bdf7c7ef1a099e24daab9176e778c4400fc4f8
17f4a82822309d4ba0e9b2840afc5dfaa499be97,Série Scientifique Scientific Series No Unbiased Estimator of the Variance of K-fold Cross-validation No Unbiased Estimator of the Variance of K-fold Cross-validation,Yoshua Bengio; Yves Grandvalet,,,885,11,39,,https://www.semanticscholar.org/paper/17f4a82822309d4ba0e9b2840afc5dfaa499be97
3d1d94a075498f86f4b6bcad7cb4037e82ab50d3,11 Label Propagation and Quadratic Criterion,Yoshua Bengio; Olivier Delalleau; Nicolas Le Roux,,,41,40,3,,https://www.semanticscholar.org/paper/3d1d94a075498f86f4b6bcad7cb4037e82ab50d3
3fd5307b2705971e543d16e7350651945b257f14,Série Scientifique Scientific Series Spectral Dimensionality Reduction Spectral Dimensionality Reduction,Yoshua Bengio; Olivier Delalleau; Nicolas Le Roux; Jean-François Paiement; P. Vincent; M. Ouimet,,,53,42,3,,https://www.semanticscholar.org/paper/3fd5307b2705971e543d16e7350651945b257f14
51691435d646c5b9152162f328d29511755328ba,Série Scientifique Scientific Series Spectral Clustering and Kernel Pca Are Learning Eigenfunctions Spectral Clustering and Kernel Pca Are Learning Eigenfunctions,Yoshua Bengio; P. Vincent; Jean-François Paiement,,,72,18,7,,https://www.semanticscholar.org/paper/51691435d646c5b9152162f328d29511755328ba
5a993cc73a2636dea9c36c691ed7c564fcdce097,Série Scientifique Scientific Series Stochastic Gradient Descent on a Portfolio Management Training Criterion Using the Ipa Gradient Estimator Stochastic Gradient Descent on a Portfolio Management Training Criterion Using the Ipa Gradient Estimator,Christian Dorion; Yoshua Bengio,,,1,6,1,,https://www.semanticscholar.org/paper/5a993cc73a2636dea9c36c691ed7c564fcdce097
619c5eee8390fdc0a411cc470336e461ba48409b,Série Scientifique Scientific Series on Out-of-sample Statistics for Time-series on Out-of-sample Statistics for Time-series *,Yoshua Bengio; Francois Gingras; Claude Nadeau,,,4,15,0,,https://www.semanticscholar.org/paper/619c5eee8390fdc0a411cc470336e461ba48409b
7a8d23cbc8a62982a2d25f17c6ddec47b5f781c3,Artificial Intelligence Pioneers But making those quantum leaps from science fiction to reality required hard work from computer scientists like,Yoshua Bengio,,,0,0,0,,https://www.semanticscholar.org/paper/7a8d23cbc8a62982a2d25f17c6ddec47b5f781c3
87a110491d4dc27948a7df9ca0721a6fcd3e8211,Extending Metric-Based Model Selection and Regularization in the Absence of Unlabeled Data,Yoshua Bengio; Nicolas Chapados,,,0,6,0,,https://www.semanticscholar.org/paper/87a110491d4dc27948a7df9ca0721a6fcd3e8211
907e35afd9633cd0819e0add854081bae738d320,Generalization to a zero-data task: an empirical study,H. Larochelle; D. Erhan; Yoshua Bengio,,,0,4,0,,https://www.semanticscholar.org/paper/907e35afd9633cd0819e0add854081bae738d320
980f6006de85e35ac7bc14b2d9ea403631f7b194,Part I Feature Extraction Fundamentals 11 Ensembles of Regularized Least Squares Classifiers for High-dimensional Problems 15 Tree-based Ensembles with Dynamic Soft Feature Selection 18 Bayesian Support Vector Machines for Feature Ranking and Selection 21 Feature Selection via Sensitivity Analysis w,Alexander Borisov; V. Eruhimov; Eugène; Wei Chu; S. Keerthi; C. Ong; Zoubin; M. Embrechts; R. Bress; R. H; Yoshua Bengio; Olivier Delalleau; Nicolas Le Roux; Jean-François,,,0,11,0,,https://www.semanticscholar.org/paper/980f6006de85e35ac7bc14b2d9ea403631f7b194
9a8565e7cc9bb4593bc28f0f0f4bfbd2108212c0,Série Scientifique Scientific Series Metric-based Model Selection for Time-series Forecasting,Yoshua Bengio; Nicolas Chapados,,,1,8,0,,https://www.semanticscholar.org/paper/9a8565e7cc9bb4593bc28f0f0f4bfbd2108212c0
9bfcf812b249d570823c6a0dff4a4781a40524d1,2 The Curse of Dimensionality for Classical Non-Parametric Models,Yoshua Bengio; Olivier Delalleau; Nicolas Le Roux,,,0,28,0,,https://www.semanticscholar.org/paper/9bfcf812b249d570823c6a0dff4a4781a40524d1
a2a6f9444ec9814559dcff9df32e41689205dee2,Série Scientifique Scientific Series Learning from Partial Labels with Minimum Entropy Learning from Partial Labels with Minimum Entropy,Yves Grandvalet; Yoshua Bengio,,,34,18,1,,https://www.semanticscholar.org/paper/a2a6f9444ec9814559dcff9df32e41689205dee2
adac1396ed93ea63e7a82a5ef5f2e201cd3ad079,Extended Semantic Tagging for Entity Extraction,Narjès Boufaden; Yoshua Bengio; G. Lapalme,,,1,19,0,,https://www.semanticscholar.org/paper/adac1396ed93ea63e7a82a5ef5f2e201cd3ad079
d42b1ede89d855f361363f3e57dbf46c66dbad9f,18 Large-Scale Algorithms,Olivier Delalleau; Yoshua Bengio; Nicolas Le Roux,,,0,0,0,,https://www.semanticscholar.org/paper/d42b1ede89d855f361363f3e57dbf46c66dbad9f
e0c908050037703b1b3e4e024f2bc4bf111d6a21,The AI Driving Olympics at NIPS 2018,A. Censi; L. Paull; Jacopo Tani; T. Ackermann; Oscar Beijbom; Berabi Berkai; Gianmarco; Bernasconi; A. K. Bowser; Simon Bing; Pin-Wei Chen; Yu-Chen Chen; Maxime; Chevalier-Boisvert; Breandan Considine; J. Castri; M. D. Cicco; Manfred Diaz; Paul Aurel; Diederichs; Florian Golemo; R. Hristov; Lily Hsu; Yi-Wei Huang; Chen-Hao Hung; Qing-Shan Jia; Julien Kindle; Dženan Lapandić; Chengqi Lu; S. Mallya; Bhairav Mehta; A. Neff; E. Nice; Yangsen Ou; Abdelhakim Qbaich; Josefine Quack; Claudio Ruch; A. Sigal; Niklas; Stolz; Alejandro Unghia; Ben Weber; Sean Wilson; Zi-Xiang Xia; Timothius Victorio Yasin; Nivethan; Yogarajah; J. Zilly; Yoshua Bengio; Tao Zhang; Hsueh-Cheng Wang; Stefano Soatto; M. Egerstedt; Emilio Frazzoli,,,0,22,0,,https://www.semanticscholar.org/paper/e0c908050037703b1b3e4e024f2bc4bf111d6a21
